<?xml version="1.0" encoding="UTF-8"?>
<pages>
    <page>
        <id>1</id>
        <pageNum>1</pageNum>
        <displayNum>Cover</displayNum>
        <title>Page - 0</title>
        <parentID>162,982</parentID>
        <url>assets/pdf/chapter0/ebook.pdf</url>
    </page>
    <page>
        <id>2</id>
        <pageNum>2</pageNum>
        <displayNum>16</displayNum>
        <title>Page - 1</title>
        <parentID>162,982</parentID>
        <url>assets/pdf/chapter0/ebook.pdf</url>
        <link>
            <id>1374716</id>
            <folioNumber>16</folioNumber>
            <type>Audio_icon_sp</type>
            <box>80;120;25;25</box>
            <alpha>30</alpha>
            <url><![CDATA[assets/resources/audio/MU16_GR1_S1U3L8_TheBearWent_StMix_SNG.mp3]]></url>
            <groupName>EB3C1B2D-A73E-CB1E-E7D7-450CB11C5AD7</groupName>
            <properties><![CDATA[isFlexible:true]]></properties>
            <layer/>
            <iconUrl>assets/images/markupicons/soundclip-big-up.png</iconUrl>
            <tooltip><![CDATA[Stereo Mix]]></tooltip>
            <audioLength>62017</audioLength>
            <sequence>NaN</sequence>
            <x>80</x>
            <y>120</y>
            <src/>
            <audiocues>
                <pos eIndex="" id="" sIndex=""/>
            </audiocues>
            <synctext type=""/>
        </link>
        <link>
            <id>1374717</id>
            <folioNumber>16</folioNumber>
            <type>Audio_icon_sp</type>
            <box>120;120;25;25</box>
            <alpha>30</alpha>
            <url><![CDATA[assets/resources/audio/MU16_GR1_S1U3L8_TheBearWent_Instr_SNG.mp3]]></url>
            <groupName>1439972562588.294Hx</groupName>
            <properties><![CDATA[isFlexible:true]]></properties>
            <layer/>
            <iconUrl>assets/images/markupicons/soundclip-big-up.png</iconUrl>
            <tooltip><![CDATA[Instrumental]]></tooltip>
            <audioLength>62017</audioLength>
            <sequence>NaN</sequence>
            <x>120</x>
            <y>120</y>
            <src/>
            <audiocues>
                <pos eIndex="" id="" sIndex=""/>
            </audiocues>
            <synctext type=""/>
        </link>
        <link>
            <id>1374718</id>
            <folioNumber>16</folioNumber>
            <type>pagestatus</type>
            <box>0;0;0;0</box>
            <alpha/>
            <url><![CDATA[In_Progress]]></url>
            <groupName/>
            <properties><![CDATA[In Progress]]></properties>
            <layer/>
            <iconUrl/>
            <tooltip><![CDATA[true]]></tooltip>
            <sequence>NaN</sequence>
            <x>0</x>
            <y>0</y>
            <src/>
        </link>
    </page>
    <page>
        <id>3</id>
        <pageNum>3</pageNum>
        <displayNum>17</displayNum>
        <title>Page - 2</title>
        <parentID>162,982</parentID>
        <url>assets/pdf/chapter0/ebook.pdf</url>
        <link>
            <id>1374719</id>
            <folioNumber>17</folioNumber>
            <type>Audio_icon_sp</type>
            <box>70;140;25;25</box>
            <alpha>30</alpha>
            <url><![CDATA[assets/resources/audio/MU16_GR1_S2U4L3_BeeBeeBumblebee_StMix_SNG.mp3]]></url>
            <groupName>5DAE25E5-A6F8-B0EB-86AE-450EC32C7BDA</groupName>
            <properties><![CDATA[isFlexible:true]]></properties>
            <layer/>
            <iconUrl>assets/images/markupicons/soundclip-big-up.png</iconUrl>
            <tooltip><![CDATA[Stereo Mix]]></tooltip>
            <audioLength>45042</audioLength>
            <sequence>NaN</sequence>
            <x>70</x>
            <y>140</y>
            <src/>
            <audiocues>
                <pos eIndex="" id="" sIndex=""/>
            </audiocues>
            <synctext type=""/>
        </link>
        <link>
            <id>1374720</id>
            <folioNumber>17</folioNumber>
            <type>Audio_icon_sp</type>
            <box>110;140;25;25</box>
            <alpha>30</alpha>
            <url><![CDATA[assets/resources/audio/MU16_GR1_S2U4L3_BeeBeeBumblebee_Instr_SNG.mp3]]></url>
            <groupName>1439972691203.3228Hx</groupName>
            <properties><![CDATA[isFlexible:true]]></properties>
            <layer/>
            <iconUrl>assets/images/markupicons/soundclip-big-up.png</iconUrl>
            <tooltip><![CDATA[Instrumental]]></tooltip>
            <audioLength>45042</audioLength>
            <sequence>NaN</sequence>
            <x>110</x>
            <y>140</y>
            <src/>
            <audiocues>
                <pos eIndex="" id="" sIndex=""/>
            </audiocues>
            <synctext type=""/>
        </link>
        <link>
            <id>1374721</id>
            <folioNumber>17</folioNumber>
            <type>pagestatus</type>
            <box>0;0;0;0</box>
            <alpha/>
            <url><![CDATA[In_Progress]]></url>
            <groupName/>
            <properties><![CDATA[In Progress]]></properties>
            <layer/>
            <iconUrl/>
            <tooltip><![CDATA[true]]></tooltip>
            <sequence>NaN</sequence>
            <x>0</x>
            <y>0</y>
            <src/>
        </link>
    </page>
    <page>
        <id>4</id>
        <pageNum>4</pageNum>
        <displayNum>18</displayNum>
        <title>Page - 3</title>
        <parentID>162,982</parentID>
        <url>assets/pdf/chapter0/ebook.pdf</url>
        <link>
            <id>1374722</id>
            <folioNumber>18</folioNumber>
            <type>Audio_icon_sp</type>
            <box>90;120;25;25</box>
            <alpha>30</alpha>
            <url><![CDATA[assets/resources/audio/MU16_GR1_S1U6L8_BestFriends_StMix_SNG.mp3]]></url>
            <groupName>C5FB3B8D-1031-77FA-959D-45106AD37103</groupName>
            <properties><![CDATA[isFlexible:true]]></properties>
            <layer/>
            <iconUrl>assets/images/markupicons/soundclip-big-up.png</iconUrl>
            <tooltip><![CDATA[Stereo Mix]]></tooltip>
            <audioLength>90085</audioLength>
            <sequence>NaN</sequence>
            <x>90</x>
            <y>120</y>
            <src/>
            <audiocues>
                <pos eIndex="" id="" sIndex=""/>
            </audiocues>
            <synctext type=""/>
        </link>
        <link>
            <id>1374723</id>
            <folioNumber>18</folioNumber>
            <type>Audio_icon_sp</type>
            <box>130;120;25;25</box>
            <alpha>30</alpha>
            <url><![CDATA[assets/resources/audio/MU16_GR1_S1U6L8_BestFriends_Instr_SNG.mp3]]></url>
            <groupName>1439972798441.959Hx</groupName>
            <properties><![CDATA[isFlexible:true]]></properties>
            <layer/>
            <iconUrl>assets/images/markupicons/soundclip-big-up.png</iconUrl>
            <tooltip><![CDATA[Instrumental]]></tooltip>
            <audioLength>90040</audioLength>
            <sequence>NaN</sequence>
            <x>130</x>
            <y>120</y>
            <src/>
            <audiocues>
                <pos eIndex="" id="" sIndex=""/>
            </audiocues>
            <synctext type=""/>
        </link>
        <link>
            <id>1374724</id>
            <folioNumber>18</folioNumber>
            <type>pagestatus</type>
            <box>0;0;0;0</box>
            <alpha/>
            <url><![CDATA[In_Progress]]></url>
            <groupName/>
            <properties><![CDATA[In Progress]]></properties>
            <layer/>
            <iconUrl/>
            <tooltip><![CDATA[true]]></tooltip>
            <sequence>NaN</sequence>
            <x>0</x>
            <y>0</y>
            <src/>
        </link>
    </page>
    <page>
        <id>5</id>
        <pageNum>5</pageNum>
        <displayNum>19</displayNum>
        <title>Page - 4</title>
        <parentID>162,982</parentID>
        <url>assets/pdf/chapter0/ebook.pdf</url>
    </page>
    <page>
        <id>6</id>
        <pageNum>6</pageNum>
        <displayNum>20</displayNum>
        <title>Page - 5</title>
        <parentID>162,982</parentID>
        <url>assets/pdf/chapter0/ebook.pdf</url>
        <link>
            <id>1374725</id>
            <folioNumber>20</folioNumber>
            <type>Audio_icon_sp</type>
            <box>90;150;25;25</box>
            <alpha>30</alpha>
            <url><![CDATA[assets/resources/audio/MU16_GR1_S1U6L2_BigAndSmall_Sp_Pc_StMix_SNG.mp3]]></url>
            <groupName>8300CC7D-6855-D367-DA2A-4512D29B2D50</groupName>
            <properties><![CDATA[isFlexible:true]]></properties>
            <layer/>
            <iconUrl>assets/images/markupicons/soundclip-big-up.png</iconUrl>
            <tooltip><![CDATA[Stereo Mix (Speech)]]></tooltip>
            <audioLength>21031</audioLength>
            <sequence>NaN</sequence>
            <x>90</x>
            <y>150</y>
            <src/>
            <audiocues>
                <pos eIndex="" id="" sIndex=""/>
            </audiocues>
            <synctext type=""/>
        </link>
        <link>
            <id>1374728</id>
            <folioNumber>20</folioNumber>
            <type>Audio_icon_sp</type>
            <box>130;150;25;25</box>
            <alpha>30</alpha>
            <url><![CDATA[assets/resources/audio/MU16_GR1_S1U6L2_BigAndSmall_StMix_SNG.mp3]]></url>
            <groupName>1439973026808.3044Hx</groupName>
            <properties><![CDATA[isFlexible:true]]></properties>
            <layer/>
            <iconUrl>assets/images/markupicons/soundclip-big-up.png</iconUrl>
            <tooltip><![CDATA[Stereo Mix (Song)]]></tooltip>
            <audioLength>39039</audioLength>
            <sequence>NaN</sequence>
            <x>130</x>
            <y>150</y>
            <src/>
            <audiocues>
                <pos eIndex="" id="" sIndex=""/>
            </audiocues>
            <synctext type=""/>
        </link>
        <link>
            <id>1374727</id>
            <folioNumber>20</folioNumber>
            <type>pagestatus</type>
            <box>0;0;0;0</box>
            <alpha/>
            <url><![CDATA[Finished]]></url>
            <groupName/>
            <properties><![CDATA[Finished]]></properties>
            <layer/>
            <iconUrl/>
            <tooltip><![CDATA[true]]></tooltip>
            <sequence>NaN</sequence>
            <x>0</x>
            <y>0</y>
            <src/>
        </link>
        <link>
            <id>1374726</id>
            <folioNumber>20</folioNumber>
            <type>Audio_icon_sp</type>
            <box>170;150;25;25</box>
            <alpha>30</alpha>
            <url><![CDATA[assets/resources/audio/MU16_GR1_S1U6L2_BigAndSmall_Instr_SNG.mp3]]></url>
            <groupName>1439972967957.376Hx</groupName>
            <properties><![CDATA[isFlexible:true]]></properties>
            <layer/>
            <iconUrl>assets/images/markupicons/soundclip-big-up.png</iconUrl>
            <tooltip><![CDATA[Instrumental (Song)]]></tooltip>
            <audioLength>42057</audioLength>
            <sequence>NaN</sequence>
            <x>170</x>
            <y>150</y>
            <src/>
            <audiocues>
                <pos eIndex="" id="" sIndex=""/>
            </audiocues>
            <synctext type=""/>
        </link>
    </page>
    <page>
        <id>7</id>
        <pageNum>7</pageNum>
        <displayNum>21</displayNum>
        <title>Page - 6</title>
        <parentID>162,982</parentID>
        <url>assets/pdf/chapter0/ebook.pdf</url>
        <link>
            <id>1374730</id>
            <folioNumber>21</folioNumber>
            <type>Audio_icon_sp</type>
            <box>70;130;25;25</box>
            <alpha>30</alpha>
            <url><![CDATA[assets/resources/audio/MU16_GR1_S1U6L4_Bluebells_StMix_SNG.mp3]]></url>
            <groupName>B725DDD3-2886-76C6-D162-4517685079DC</groupName>
            <properties><![CDATA[isFlexible:true]]></properties>
            <layer/>
            <iconUrl>assets/images/markupicons/soundclip-big-up.png</iconUrl>
            <tooltip><![CDATA[Stereo Mix]]></tooltip>
            <audioLength>96013</audioLength>
            <sequence>NaN</sequence>
            <x>70</x>
            <y>130</y>
            <src/>
            <audiocues>
                <pos eIndex="" id="" sIndex=""/>
            </audiocues>
            <synctext type=""/>
        </link>
        <link>
            <id>1374763</id>
            <folioNumber>21</folioNumber>
            <type>Audio_icon_sp</type>
            <box>110;130;25;25</box>
            <alpha>30</alpha>
            <url><![CDATA[assets/resources/audio/MU16_GR1_S1U6L4_Bluebells_Instr_SNG.mp3]]></url>
            <groupName>1439975228892.3643Hx</groupName>
            <properties><![CDATA[isFlexible:true]]></properties>
            <layer/>
            <iconUrl>assets/images/markupicons/soundclip-big-up.png</iconUrl>
            <tooltip><![CDATA[Instrumental]]></tooltip>
            <audioLength>96023</audioLength>
            <sequence>NaN</sequence>
            <x>110</x>
            <y>130</y>
            <src/>
            <audiocues>
                <pos eIndex="" id="" sIndex=""/>
            </audiocues>
            <synctext type=""/>
        </link>
        <link>
            <id>1374729</id>
            <folioNumber>21</folioNumber>
            <type>pagestatus</type>
            <box>0;0;0;0</box>
            <alpha/>
            <url><![CDATA[In_Progress]]></url>
            <groupName/>
            <properties><![CDATA[In Progress]]></properties>
            <layer/>
            <iconUrl/>
            <tooltip><![CDATA[true]]></tooltip>
            <sequence>NaN</sequence>
            <x>0</x>
            <y>0</y>
            <src/>
        </link>
    </page>
</pages>
