<?xml version="1.0" encoding="UTF-8"?>
<pages>
<page>
<para id="115">
<line y ="236.8548" id="215" height="66.6108">
<word x ="96.4372" width="18.4336" id="321" ><![CDATA[ ]]></word>
<word x ="121.631" width="5.4599" id="322" ><![CDATA[ @]]></word>
<word x ="138.687" width="6.884" id="323" ><![CDATA[ ]]></word>
<word x ="158.458" width="8.2938" id="324" ><![CDATA[ ]]></word>
<word x ="189.059" width="7.4619" id="325" ><![CDATA[ ]]></word>
<word x ="227.521" width="8.2938" id="326" ><![CDATA[ ]]></word>
<word x ="266.26" width="7.4619" id="327" ><![CDATA[ ]]></word>
</line>
</para>
<para id="116">
<line y ="246.0348" id="216" height="9.3898">
<word x ="153.208" width="18.7586" id="328" ><![CDATA[ Best]]></word>
</line>
<line y ="246.0348" id="217" height="9.3898">
<word x ="214.016" width="35.1493" id="329" ><![CDATA[ friends,]]></word>
</line>
</para>
<para id="117">
<line y ="187.5157" id="218" height="12.9997">
<word x ="161.158" width="6.1099" id="330" ><![CDATA[ F]]></word>
</line>
</para>
<para id="118">
<line y ="249.8548" id="219" height="63.3608">
<word x ="312.291" width="8.5798" id="331" ><![CDATA[ (]]></word>
</line>
<line y ="233.6048" id="220" height="63.3608">
<word x ="312.291" width="8.2938" id="332" ><![CDATA[ ]]></word>
<word x ="343.708" width="8.2938" id="333" ><![CDATA[ ]]></word>
</line>
<line y ="249.8538" id="221" height="63.3608">
<word x ="385.151" width="8.5798" id="334" ><![CDATA[ (]]></word>
</line>
<line y ="233.6048" id="222" height="63.3608">
<word x ="385.145" width="8.2938" id="335" ><![CDATA[ ]]></word>
</line>
<line y ="249.8538" id="223" height="63.3608">
<word x ="416.838" width="8.5798" id="336" ><![CDATA[ (]]></word>
</line>
<line y ="243.3548" id="224" height="73.1108">
<word x ="416.833" width="8.2938" id="337" ><![CDATA[ ]]></word>
<word x ="449.333" width="8.2938" id="338" ><![CDATA[ ]]></word>
<word x ="489.684" width="7.9039" id="339" ><![CDATA[ ±]]></word>
</line>
</para>
<para id="119">
<line y ="246.0348" id="225" height="9.3898">
<word x ="311.916" width="8.6948" id="340" ><![CDATA[ al]]></word>
<word x ="327.011" width="3.5699" id="341" ><![CDATA[ -]]></word>
<word x ="336.94" width="22.0736" id="342" ><![CDATA[ ways]]></word>
</line>
<line y ="246.0348" id="226" height="9.3898">
<word x ="384.735" width="8.8388" id="343" ><![CDATA[ to]]></word>
<word x ="399.983" width="3.5699" id="344" ><![CDATA[ -]]></word>
<word x ="410.043" width="21.4396" id="345" ><![CDATA[ geth]]></word>
<word x ="437.731" width="3.5699" id="346" ><![CDATA[ -]]></word>
<word x ="447.451" width="11.8998" id="347" ><![CDATA[ er,]]></word>
</line>
</para>
<para id="120">
<line y ="183.3048" id="227" height="22.1948">
<word x ="310.116" width="6.6699" id="348" ><![CDATA[ B]]></word>
<word x ="317.979" width="3.185" id="349" ><![CDATA[ @]]></word>
</line>
</para>
<para id="121">
<line y ="324.3338" id="228" height="63.3608">
<word x ="96.4372" width="18.4336" id="350" ><![CDATA[ ]]></word>
<word x ="121.631" width="5.4599" id="351" ><![CDATA[ @]]></word>
<word x ="138.687" width="8.2938" id="352" ><![CDATA[ ]]></word>
<word x ="165.778" width="7.4619" id="353" ><![CDATA[ ]]></word>
</line>
<line y ="343.8348" id="229" height="63.3608">
<word x ="193.125" width="8.2938" id="354" ><![CDATA[ ]]></word>
</line>
<line y ="324.3348" id="230" height="63.3608">
<word x ="220.216" width="7.4619" id="355" ><![CDATA[ ]]></word>
</line>
</para>
<para id="122">
<line y ="336.7638" id="231" height="9.3898">
<word x ="133.062" width="19.5096" id="356" ><![CDATA[ best]]></word>
</line>
<line y ="336.7638" id="232" height="9.3898">
<word x ="179.621" width="35.1483" id="357" ><![CDATA[ friends,]]></word>
</line>
</para>
<para id="123">
<line y ="279.6047" id="233" height="12.9997">
<word x ="133.532" width="7.2199" id="358" ><![CDATA[ G]]></word>
<word x ="142.202" width="8.3298" id="359" ><![CDATA[ m]]></word>
</line>
<line y ="279.6047" id="234" height="12.9997">
<word x ="189.871" width="6.6699" id="360" ><![CDATA[ C]]></word>
<word x ="197.721" width="4.9999" id="361" ><![CDATA[ 7]]></word>
</line>
</para>
<para id="124">
<line y ="330.8348" id="235" height="69.8618">
<word x ="254.604" width="8.2938" id="362" ><![CDATA[ ]]></word>
<word x ="275.187" width="8.2938" id="363" ><![CDATA[ ]]></word>
<word x ="295.771" width="8.2938" id="364" ><![CDATA[ ]]></word>
<word x ="316.354" width="8.2938" id="365" ><![CDATA[ ]]></word>
<word x ="336.938" width="8.2938" id="366" ><![CDATA[ ]]></word>
<word x ="364.029" width="7.4619" id="367" ><![CDATA[ ]]></word>
</line>
</para>
<para id="125">
<line y ="336.7638" id="236" height="9.3898">
<word x ="252.729" width="11.6448" id="368" ><![CDATA[ ne]]></word>
<word x ="266.564" width="3.5699" id="369" ><![CDATA[ -]]></word>
<word x ="272.204" width="14.3547" id="370" ><![CDATA[ ver]]></word>
<word x ="296.898" width="5.9699" id="371" ><![CDATA[ a]]></word>
<word x ="307.748" width="3.5699" id="372" ><![CDATA[ -]]></word>
<word x ="316.348" width="22.3796" id="373" ><![CDATA[ lone.]]></word>
</line>
</para>
<para id="126">
<line y ="279.6037" id="237" height="12.9997">
<word x ="254.333" width="6.1099" id="374" ><![CDATA[ F]]></word>
</line>
</para>
<para id="127">
<line y ="330.8348" id="238" height="69.8618">
<word x ="398.417" width="8.2938" id="375" ><![CDATA[ ]]></word>
<word x ="425.508" width="7.4619" id="376" ><![CDATA[ ]]></word>
<word x ="452.854" width="8.2938" id="377" ><![CDATA[ ]]></word>
<word x ="479.945" width="8.2938" id="378" ><![CDATA[ ]]></word>
<word x ="500.521" width="8.2938" id="379" ><![CDATA[ ]]></word>
</line>
</para>
<para id="128">
<line y ="336.7638" id="239" height="9.3898">
<word x ="393.167" width="18.7586" id="380" ><![CDATA[ Best]]></word>
</line>
<line y ="336.7638" id="240" height="9.3898">
<word x ="439.356" width="35.1483" id="381" ><![CDATA[ friends,]]></word>
<word x ="481.064" width="5.6299" id="382" ><![CDATA[ e]]></word>
<word x ="489.824" width="3.5699" id="383" ><![CDATA[ -]]></word>
<word x ="496.393" width="16.1597" id="384" ><![CDATA[ ven]]></word>
</line>
</para>
<para id="129">
<line y ="415.0638" id="241" height="63.3608">
<word x ="96.4372" width="18.4336" id="385" ><![CDATA[ ]]></word>
<word x ="121.631" width="5.4599" id="386" ><![CDATA[ @]]></word>
<word x ="138.687" width="8.2938" id="387" ><![CDATA[ ]]></word>
<word x ="170.104" width="8.2938" id="388" ><![CDATA[ ]]></word>
<word x ="201.52" width="8.2938" id="389" ><![CDATA[ ]]></word>
<word x ="232.937" width="8.2938" id="390" ><![CDATA[ ]]></word>
<word x ="264.354" width="8.2938" id="391" ><![CDATA[ ]]></word>
<word x ="305.797" width="7.4619" id="392" ><![CDATA[ ]]></word>
</line>
</para>
<para id="130">
<line y ="427.4938" id="242" height="9.3898">
<word x ="129.687" width="25.9095" id="393" ><![CDATA[ when]]></word>
<word x ="161.475" width="25.1295" id="394" ><![CDATA[ we’re]]></word>
</line>
<line y ="427.4938" id="243" height="9.3898">
<word x ="202.645" width="5.9699" id="395" ><![CDATA[ a]]></word>
<word x ="218.913" width="3.5699" id="396" ><![CDATA[ -]]></word>
<word x ="232.933" width="22.3916" id="397" ><![CDATA[ part,]]></word>
</line>
</para>
<para id="131">
<line y ="364.765" id="244" height="22.196">
<word x ="136.52" width="6.6699" id="398" ><![CDATA[ B]]></word>
<word x ="144.375" width="3.185" id="399" ><![CDATA[ @]]></word>
</line>
</para>
<para id="132">
<line y ="415.0638" id="245" height="63.3608">
<word x ="354.542" width="8.2938" id="400" ><![CDATA[ ]]></word>
<word x ="396.245" width="7.4619" id="401" ><![CDATA[ ]]></word>
</line>
<line y ="434.5638" id="246" height="63.3608">
<word x ="437.958" width="8.2938" id="402" ><![CDATA[ ]]></word>
</line>
<line y ="415.0638" id="247" height="63.3608">
<word x ="479.401" width="7.4619" id="403" ><![CDATA[ ]]></word>
</line>
</para>
<para id="133">
<line y ="427.4938" id="248" height="9.3898">
<word x ="348.917" width="19.5086" id="404" ><![CDATA[ best]]></word>
</line>
<line y ="427.4938" id="249" height="9.3898">
<word x ="424.454" width="35.1483" id="405" ><![CDATA[ friends,]]></word>
</line>
</para>
<para id="134">
<line y ="370.3347" id="250" height="12.9997">
<word x ="349.397" width="7.2199" id="406" ><![CDATA[ G]]></word>
<word x ="358.066" width="8.3298" id="407" ><![CDATA[ m]]></word>
</line>
<line y ="370.3347" id="251" height="12.9997">
<word x ="434.715" width="6.6699" id="408" ><![CDATA[ C]]></word>
<word x ="442.565" width="4.9999" id="409" ><![CDATA[ 7]]></word>
</line>
</para>
<para id="135">
<line y ="509.0428" id="252" height="66.6108">
<word x ="96.4372" width="18.4336" id="410" ><![CDATA[ ]]></word>
<word x ="121.631" width="5.4599" id="411" ><![CDATA[ @]]></word>
<word x ="138.687" width="8.2938" id="412" ><![CDATA[ ]]></word>
<word x ="160.895" width="8.2938" id="413" ><![CDATA[ ]]></word>
<word x ="183.104" width="8.2938" id="414" ><![CDATA[ ]]></word>
<word x ="205.041" width="8.2938" id="415" ><![CDATA[ ]]></word>
<word x ="227.25" width="8.2938" id="416" ><![CDATA[ ]]></word>
<word x ="249.458" width="8.2938" id="417" ><![CDATA[ ]]></word>
<word x ="271.667" width="8.2938" id="418" ><![CDATA[ ]]></word>
<word x ="293.604" width="8.2938" id="419" ><![CDATA[ ]]></word>
</line>
</para>
<para id="136">
<line y ="518.2228" id="253" height="9.3898">
<word x ="130.812" width="23.9695" id="420" ><![CDATA[ deep]]></word>
<word x ="161.6" width="8.6598" id="421" ><![CDATA[ in]]></word>
<word x ="178.81" width="15.3797" id="422" ><![CDATA[ the]]></word>
<word x ="201.25" width="26.8785" id="423" ><![CDATA[ heart.]]></word>
</line>
<line y ="518.2228" id="254" height="9.3898">
<word x ="249.458" width="16.3997" id="424" ><![CDATA[ Oh,]]></word>
</line>
<line y ="518.2228" id="255" height="9.3898">
<word x ="284.979" width="25.1295" id="425" ><![CDATA[ we’re]]></word>
</line>
</para>
<para id="137">
<line y ="461.0637" id="256" height="12.9997">
<word x ="138.412" width="6.1099" id="426" ><![CDATA[ F]]></word>
</line>
</para>
<para id="138">
<line y ="505.7928" id="257" height="63.3608">
<word x ="323.125" width="8.2938" id="427" ><![CDATA[ ]]></word>
<word x ="340.987" width="7.4619" id="428" ><![CDATA[ ]]></word>
</line>
<line y ="525.2928" id="258" height="63.3608">
<word x ="358.603" width="8.2938" id="429" ><![CDATA[ ]]></word>
</line>
<line y ="505.7928" id="259" height="63.3608">
<word x ="376.491" width="7.4619" id="430" ><![CDATA[ ]]></word>
</line>
</para>
<para id="139">
<line y ="518.2228" id="260" height="9.3898">
<word x ="319.667" width="19.5086" id="431" ><![CDATA[ best]]></word>
<word x ="345.105" width="35.1483" id="432" ><![CDATA[ friends,]]></word>
</line>
</para>
<para id="140">
<line y ="461.0637" id="261" height="12.9997">
<word x ="317.977" width="7.2199" id="433" ><![CDATA[ G]]></word>
<word x ="326.646" width="8.3298" id="434" ><![CDATA[ m]]></word>
</line>
<line y ="461.0637" id="262" height="12.9997">
<word x ="358.066" width="6.6699" id="435" ><![CDATA[ C]]></word>
</line>
</para>
<para id="141">
<line y ="512.2928" id="263" height="69.8608">
<word x ="401.396" width="8.2938" id="436" ><![CDATA[ ]]></word>
<word x ="421.166" width="8.2938" id="437" ><![CDATA[ ]]></word>
<word x ="438.229" width="8.2938" id="438" ><![CDATA[ ]]></word>
<word x ="458.813" width="8.2938" id="439" ><![CDATA[ ]]></word>
<word x ="482.375" width="8.2938" id="440" ><![CDATA[ ]]></word>
<word x ="501.329" width="7.9039" id="441" ><![CDATA[ ±]]></word>
</line>
</para>
<para id="142">
<line y ="518.2228" id="264" height="9.3898">
<word x ="393.521" width="23.9685" id="442" ><![CDATA[ deep]]></word>
<word x ="420.789" width="8.6598" id="443" ><![CDATA[ in]]></word>
<word x ="434.479" width="15.3787" id="444" ><![CDATA[ the]]></word>
<word x ="458.808" width="26.8795" id="445" ><![CDATA[ heart.]]></word>
</line>
</para>
<para id="143">
<line y ="461.0627" id="265" height="12.9997">
<word x ="401.125" width="6.1099" id="446" ><![CDATA[ F]]></word>
</line>
</para>
<para id="144">
<line y ="151.694" id="266" height="8.451">
<word x ="434.25" width="28.035" id="447" ><![CDATA[ Words]]></word>
<word x ="465.534" width="15.966" id="448" ><![CDATA[ and]]></word>
<word x ="484.641" width="24.498" id="449" ><![CDATA[ Music]]></word>
<word x ="512.181" width="9.81" id="450" ><![CDATA[ by]]></word>
</line>
<line y ="162.44" id="267" height="8.451">
<word x ="446.418" width="30.1743" id="451" ><![CDATA[ Sandor]]></word>
<word x ="480.039" width="41.7429" id="452" ><![CDATA[ Slomovitz]]></word>
</line>
</para>
<para id="145">
<line y ="223.7497" id="268" height="12.9997">
<word x ="83.4997" width="10.8098" id="453" ><![CDATA[ do]]></word>
</line>
</para>
<para id="146">
<line y ="174.2" id="269" height="15.6">
<word x ="141.499" width="43.2972" id="454" ><![CDATA[ Refrain]]></word>
</line>
</para>
<para id="147">
<line y ="227.4798" id="270" height="63.3608">
<word x ="136" width="10.7898" id="455" ><![CDATA[ ]]></word>
</line>
</para>
<para id="148">
<line y ="118.467" id="271" height="50.826">
<word x ="187.062" width="83.248" id="456" ><![CDATA[ Best]]></word>
<word x ="285.188" width="139.75" id="457" ><![CDATA[ Friends]]></word>
</line>
</para>
<para id="149">
<line y ="744.727" id="272" height="6.573">
<word x ="72.36" width="13.202" id="458" ><![CDATA[ Best]]></word>
<word x ="87.725" width="24.3243" id="459" ><![CDATA[ Friends.]]></word>
<word x ="114.212" width="21.035" id="460" ><![CDATA[ Words]]></word>
<word x ="137.41" width="12.257" id="461" ><![CDATA[ and]]></word>
<word x ="151.83" width="18.9" id="462" ><![CDATA[ Music]]></word>
<word x ="172.893" width="7.42" id="463" ><![CDATA[ by]]></word>
<word x ="182.476" width="22.5953" id="464" ><![CDATA[ Sandor]]></word>
<word x ="207.235" width="31.5" id="465" ><![CDATA[ Slomovits.]]></word>
<word x ="240.898" width="31.143" id="466" ><![CDATA[ Copyright]]></word>
<word x ="274.204" width="5.901" id="467" ><![CDATA[ ©]]></word>
<word x ="282.268" width="7.4193" id="468" ><![CDATA[ by]]></word>
<word x ="291.85" width="22.596" id="469" ><![CDATA[ Sandor]]></word>
<word x ="316.609" width="31.5" id="470" ><![CDATA[ Slomovits.]]></word>
<word x ="350.272" width="41.902" id="471" ><![CDATA[ International]]></word>
<word x ="394.337" width="31.143" id="472" ><![CDATA[ Copyright]]></word>
<word x ="427.643" width="27.307" id="473" ><![CDATA[ Secured.]]></word>
<word x ="457.113" width="8.596" id="474" ><![CDATA[ All]]></word>
<word x ="467.872" width="19.215" id="475" ><![CDATA[ Rights]]></word>
<word x ="489.249" width="30.135" id="476" ><![CDATA[ Reserved.]]></word>
</line>
<line y ="752.728" id="273" height="6.573">
<word x ="72.36" width="45.85" id="477" ><![CDATA[ (border)Adeet]]></word>
<word x ="120.373" width="77.0056" id="478" ><![CDATA[ Deshmukh/McGraw-Hill]]></word>
<word x ="199.542" width="31.507" id="479" ><![CDATA[ Education]]></word>
</line>
</para>
<para id="150">
<line y ="754.245" id="274" height="19.5">
<word x ="37" width="14.55" id="480" ><![CDATA[ 18]]></word>
</line>
</para>
</page>
</pages>