<?xml version="1.0" encoding="UTF-8"?>
<pages>
<page>
<para id="207">
<line y ="229.4528" id="366" height="63.3608">
<word x ="78.167" width="18.4336" id="689" ><![CDATA[ ]]></word>
</line>
<line y ="219.7026" id="367" height="73.1106">
<word x ="103.361" width="6.1359" id="690" ><![CDATA[ ]]></word>
<word x ="111.498" width="6.1359" id="691" ><![CDATA[ ]]></word>
</line>
<line y ="221.871" id="368" height="78.529">
<word x ="119.61" width="6.1359" id="692" ><![CDATA[ ]]></word>
<word x ="127.722" width="6.1359" id="693" ><![CDATA[ ]]></word>
<word x ="145.605" width="6.884" id="694" ><![CDATA[ ]]></word>
</line>
</para>
<para id="208">
<line y ="203.4097" id="369" height="12.9997">
<word x ="65.709" width="10.0598" id="695" ><![CDATA[ so]]></word>
</line>
</para>
<para id="209">
<line y ="229.4528" id="370" height="69.8618">
<word x ="174.855" width="8.2938" id="696" ><![CDATA[ ]]></word>
<word x ="210.604" width="8.2938" id="697" ><![CDATA[ ]]></word>
</line>
</para>
<para id="210">
<line y ="238.6318" id="371" height="9.3898">
<word x ="168.48" width="20.5996" id="698" ><![CDATA[ Blue]]></word>
<word x ="193.978" width="3.5699" id="699" ><![CDATA[ -]]></word>
<word x ="202.318" width="24.6895" id="700" ><![CDATA[ bells,]]></word>
</line>
</para>
<para id="211">
<line y ="178.2237" id="372" height="12.9997">
<word x ="168.08" width="6.6699" id="701" ><![CDATA[ E]]></word>
</line>
</para>
<para id="212">
<line y ="229.4528" id="373" height="69.8618">
<word x ="247.167" width="8.2938" id="702" ><![CDATA[ ]]></word>
<word x ="271.271" width="8.2938" id="703" ><![CDATA[ ]]></word>
<word x ="295.376" width="8.2938" id="704" ><![CDATA[ ]]></word>
</line>
</para>
<para id="213">
<line y ="238.6318" id="374" height="9.3898">
<word x ="240.417" width="21.8996" id="705" ><![CDATA[ cock]]></word>
<word x ="264.627" width="3.5699" id="706" ><![CDATA[ -]]></word>
<word x ="270.895" width="8.6298" id="707" ><![CDATA[ le]]></word>
<word x ="285.245" width="28.3994" id="708" ><![CDATA[ shells,]]></word>
</line>
</para>
<para id="214">
<line y ="226.2038" id="375" height="69.8618">
<word x ="334.646" width="8.2938" id="709" ><![CDATA[ ]]></word>
<word x ="357.396" width="8.2938" id="710" ><![CDATA[ ]]></word>
<word x ="380.417" width="8.2938" id="711" ><![CDATA[ ]]></word>
<word x ="403.167" width="8.2938" id="712" ><![CDATA[ ]]></word>
</line>
</para>
<para id="215">
<line y ="238.6318" id="376" height="9.3898">
<word x ="332.771" width="11.6298" id="713" ><![CDATA[ ee]]></word>
<word x ="347.861" width="3.5699" id="714" ><![CDATA[ -]]></word>
<word x ="354.771" width="13.3997" id="715" ><![CDATA[ vy,]]></word>
<word x ="383.039" width="2.7099" id="716" ><![CDATA[ i]]></word>
<word x ="392.129" width="3.5699" id="717" ><![CDATA[ -]]></word>
<word x ="402.039" width="10.2198" id="718" ><![CDATA[ vy]]></word>
</line>
</para>
<para id="216">
<line y ="213.2018" id="377" height="63.3608">
<word x ="433.23" width="8.2938" id="719" ><![CDATA[ ]]></word>
<word x ="456.792" width="8.2938" id="720" ><![CDATA[ ]]></word>
<word x ="488.086" width="8.5798" id="721" ><![CDATA[ G]]></word>
</line>
<line y ="229.4528" id="378" height="63.3608">
<word x ="480.084" width="8.2938" id="722" ><![CDATA[ ]]></word>
</line>
</para>
<para id="217">
<line y ="238.6318" id="379" height="9.3898">
<word x ="434.354" width="5.8399" id="723" ><![CDATA[ o]]></word>
<word x ="443.674" width="3.5699" id="724" ><![CDATA[ -]]></word>
<word x ="450.814" width="18.9196" id="725" ><![CDATA[ ver-]]></word>
<word x ="471.082" width="26.1295" id="726" ><![CDATA[ head.]]></word>
</line>
</para>
<para id="218">
<line y ="320.1818" id="380" height="63.3608">
<word x ="78.167" width="18.4336" id="727" ><![CDATA[ ]]></word>
</line>
<line y ="310.4316" id="381" height="73.1106">
<word x ="103.361" width="6.1359" id="728" ><![CDATA[ ]]></word>
<word x ="111.498" width="6.1359" id="729" ><![CDATA[ ]]></word>
</line>
<line y ="307.1816" id="382" height="73.1106">
<word x ="119.61" width="6.1359" id="730" ><![CDATA[ ]]></word>
<word x ="127.722" width="6.1359" id="731" ><![CDATA[ ]]></word>
<word x ="170.128" width="8.5798" id="732" ><![CDATA[ G]]></word>
</line>
<line y ="320.1818" id="383" height="63.3608">
<word x ="162.125" width="8.2938" id="733" ><![CDATA[ ]]></word>
</line>
</para>
<para id="219">
<line y ="329.3618" id="384" height="9.3898">
<word x ="158.75" width="14.7197" id="734" ><![CDATA[ My]]></word>
</line>
</para>
<para id="220">
<line y ="320.1818" id="385" height="69.8608">
<word x ="197.875" width="8.2938" id="735" ><![CDATA[ ]]></word>
<word x ="233.626" width="8.2938" id="736" ><![CDATA[ ]]></word>
<word x ="269.105" width="8.2938" id="737" ><![CDATA[ ]]></word>
<word x ="304.855" width="8.2938" id="738" ><![CDATA[ ]]></word>
</line>
</para>
<para id="221">
<line y ="329.3618" id="386" height="9.3898">
<word x ="189.625" width="24.4095" id="739" ><![CDATA[ moth]]></word>
<word x ="221.714" width="3.5699" id="740" ><![CDATA[ -]]></word>
<word x ="232.874" width="9.8698" id="741" ><![CDATA[ er]]></word>
</line>
<line y ="329.3618" id="387" height="9.3898">
<word x ="264.224" width="17.8796" id="742" ><![CDATA[ said]]></word>
</line>
<line y ="329.3618" id="388" height="9.3898">
<word x ="299.222" width="19.5096" id="743" ><![CDATA[ that]]></word>
</line>
</para>
<para id="222">
<line y ="268.9537" id="389" height="12.9997">
<word x ="197.325" width="6.6699" id="744" ><![CDATA[ E]]></word>
</line>
</para>
<para id="223">
<line y ="320.1818" id="390" height="69.8608">
<word x ="347.646" width="8.2938" id="745" ><![CDATA[ ]]></word>
<word x ="386.375" width="8.2938" id="746" ><![CDATA[ ]]></word>
<word x ="425.375" width="8.2938" id="747" ><![CDATA[ ]]></word>
<word x ="464.105" width="8.2938" id="748" ><![CDATA[ ]]></word>
</line>
</para>
<para id="224">
<line y ="329.3618" id="391" height="9.3898">
<word x ="350.271" width="2.9699" id="749" ><![CDATA[ I]]></word>
</line>
<line y ="329.3618" id="392" height="9.3898">
<word x ="381.88" width="8.0598" id="750" ><![CDATA[ w]]></word>
<word x ="389.38" width="10.0898" id="751" ><![CDATA[ as]]></word>
</line>
<line y ="329.3618" id="393" height="9.3898">
<word x ="418.63" width="21.4086" id="752" ><![CDATA[ born]]></word>
</line>
<line y ="329.3618" id="394" height="9.3898">
<word x ="463.739" width="8.6598" id="753" ><![CDATA[ in]]></word>
</line>
</para>
<para id="225">
<line y ="410.9108" id="395" height="63.3608">
<word x ="78.167" width="18.4336" id="754" ><![CDATA[ ]]></word>
</line>
<line y ="401.1606" id="396" height="73.1106">
<word x ="103.361" width="6.1359" id="755" ><![CDATA[ ]]></word>
<word x ="111.498" width="6.1359" id="756" ><![CDATA[ ]]></word>
</line>
<line y ="397.9106" id="397" height="73.1106">
<word x ="119.61" width="6.1359" id="757" ><![CDATA[ ]]></word>
<word x ="127.722" width="6.1359" id="758" ><![CDATA[ ]]></word>
</line>
<line y ="410.9108" id="398" height="63.3608">
<word x ="145.605" width="6.9679" id="759" ><![CDATA[ ]]></word>
<word x ="171.334" width="6.9679" id="760" ><![CDATA[ ]]></word>
<word x ="197.063" width="6.9679" id="761" ><![CDATA[ ]]></word>
<word x ="222.792" width="6.9679" id="762" ><![CDATA[ ]]></word>
<word x ="248.522" width="6.9679" id="763" ><![CDATA[ ]]></word>
<word x ="274.25" width="6.9679" id="764" ><![CDATA[ ]]></word>
<word x ="299.98" width="6.9679" id="765" ><![CDATA[ ]]></word>
<word x ="325.708" width="6.9679" id="766" ><![CDATA[ ]]></word>
</line>
</para>
<para id="226">
<line y ="420.0908" id="399" height="9.3898">
<word x ="141.105" width="16.9097" id="767" ><![CDATA[ Jan]]></word>
<word x ="163.505" width="3.5699" id="768" ><![CDATA[ -]]></word>
<word x ="172.463" width="5.6599" id="769" ><![CDATA[ u]]></word>
<word x ="185.483" width="3.5699" id="770" ><![CDATA[ -]]></word>
<word x ="196.313" width="9.8698" id="771" ><![CDATA[ ar]]></word>
<word x ="212.523" width="3.5699" id="772" ><![CDATA[ -]]></word>
<word x ="222.791" width="8.1498" id="773" ><![CDATA[ y,]]></word>
<word x ="244.771" width="15.6397" id="774" ><![CDATA[ Feb]]></word>
<word x ="265.101" width="3.5699" id="775" ><![CDATA[ -]]></word>
<word x ="273.499" width="9.4098" id="776" ><![CDATA[ ru]]></word>
<word x ="289.329" width="3.5699" id="777" ><![CDATA[ -]]></word>
<word x ="299.229" width="9.8698" id="778" ><![CDATA[ ar]]></word>
<word x ="315.439" width="3.5699" id="779" ><![CDATA[ -]]></word>
<word x ="325.707" width="8.1498" id="780" ><![CDATA[ y,]]></word>
</line>
</para>
<para id="227">
<line y ="410.9108" id="400" height="63.3608">
<word x ="358.751" width="6.9679" id="781" ><![CDATA[ ]]></word>
</line>
<line y ="404.4108" id="401" height="63.3608">
<word x ="410.75" width="6.9679" id="782" ><![CDATA[ ]]></word>
<word x ="437.021" width="6.9679" id="783" ><![CDATA[ ]]></word>
<word x ="463.292" width="7.9039" id="784" ><![CDATA[ ±]]></word>
</line>
</para>
<para id="228">
<line y ="420.0908" id="402" height="9.3898">
<word x ="346.751" width="32.1184" id="785" ><![CDATA[ March,]]></word>
</line>
<line y ="420.0908" id="403" height="9.3898">
<word x ="408.469" width="12.7197" id="786" ><![CDATA[ Ap]]></word>
<word x ="426.068" width="3.5699" id="787" ><![CDATA[ -]]></word>
<word x ="434.738" width="12.6897" id="788" ><![CDATA[ ril,]]></word>
</line>
</para>
<para id="229">
<line y ="501.6408" id="404" height="63.3608">
<word x ="78.167" width="18.4336" id="789" ><![CDATA[ ]]></word>
</line>
<line y ="491.8906" id="405" height="73.1106">
<word x ="103.361" width="6.1359" id="790" ><![CDATA[ ]]></word>
<word x ="111.498" width="6.1359" id="791" ><![CDATA[ ]]></word>
</line>
<line y ="488.6406" id="406" height="73.1106">
<word x ="119.61" width="6.1359" id="792" ><![CDATA[ ]]></word>
<word x ="127.722" width="6.1359" id="793" ><![CDATA[ ]]></word>
</line>
<line y ="501.6408" id="407" height="63.3608">
<word x ="145.605" width="6.9679" id="794" ><![CDATA[ ]]></word>
</line>
<line y ="485.3908" id="408" height="63.3608">
<word x ="212.762" width="8.5798" id="795" ><![CDATA[ G]]></word>
</line>
<line y ="501.6408" id="409" height="63.3608">
<word x ="206.271" width="6.9679" id="796" ><![CDATA[ ]]></word>
</line>
<line y ="485.3908" id="410" height="63.3608">
<word x ="252.316" width="8.9178" id="797" ><![CDATA[ ]]></word>
<word x ="289.703" width="7.6958" id="798" ><![CDATA[ O]]></word>
</line>
<line y ="501.6408" id="411" height="63.3608">
<word x ="283.188" width="6.9679" id="799" ><![CDATA[ ]]></word>
</line>
</para>
<para id="230">
<line y ="510.8198" id="412" height="9.3898">
<word x ="138.104" width="23.1495" id="800" ><![CDATA[ May,]]></word>
</line>
<line y ="510.8198" id="413" height="9.3898">
<word x ="197.273" width="26.1495" id="801" ><![CDATA[ June,]]></word>
</line>
<line y ="510.8198" id="414" height="9.3898">
<word x ="281.69" width="10.9098" id="802" ><![CDATA[ Ju]]></word>
<word x ="304.37" width="3.5699" id="803" ><![CDATA[ -]]></word>
</line>
</para>
<para id="231">
<line y ="501.6408" id="415" height="63.3608">
<word x ="321.105" width="6.9679" id="804" ><![CDATA[ ]]></word>
</line>
<line y ="495.1398" id="416" height="63.3608">
<word x ="393.696" width="6.9679" id="805" ><![CDATA[ ]]></word>
<word x ="430.25" width="6.9679" id="806" ><![CDATA[ ]]></word>
<word x ="467.083" width="8.9178" id="807" ><![CDATA[ ]]></word>
</line>
</para>
<para id="232">
<line y ="510.8198" id="417" height="9.3898">
<word x ="319.605" width="11.1498" id="808" ><![CDATA[ ly,]]></word>
</line>
<line y ="510.8198" id="418" height="9.3898">
<word x ="391.434" width="12.4088" id="809" ><![CDATA[ Au]]></word>
<word x ="411.742" width="3.5699" id="810" ><![CDATA[ -]]></word>
<word x ="423.112" width="22.3996" id="811" ><![CDATA[ gust,]]></word>
</line>
</para>
<para id="233">
<line y ="592.3688" id="419" height="63.3608">
<word x ="78.167" width="18.4336" id="812" ><![CDATA[ ]]></word>
</line>
<line y ="582.6186" id="420" height="73.1106">
<word x ="103.361" width="6.1359" id="813" ><![CDATA[ ]]></word>
<word x ="111.498" width="6.1359" id="814" ><![CDATA[ ]]></word>
</line>
<line y ="579.3686" id="421" height="73.1106">
<word x ="119.61" width="6.1359" id="815" ><![CDATA[ ]]></word>
<word x ="127.722" width="6.1359" id="816" ><![CDATA[ ]]></word>
<word x ="152.104" width="7.6958" id="817" ><![CDATA[ O]]></word>
</line>
<line y ="592.3688" id="422" height="63.3608">
<word x ="145.605" width="6.9679" id="818" ><![CDATA[ ]]></word>
</line>
</para>
<para id="234">
<line y ="601.5488" id="423" height="9.3898">
<word x ="141.105" width="17.2197" id="819" ><![CDATA[ Sep]]></word>
<word x ="164.785" width="3.5699" id="820" ><![CDATA[ -]]></word>
</line>
</para>
<para id="235">
<line y ="576.1188" id="424" height="63.3608">
<word x ="180.272" width="6.9679" id="821" ><![CDATA[ ]]></word>
<word x ="202.48" width="6.9679" id="822" ><![CDATA[ ]]></word>
<word x ="224.688" width="8.9178" id="823" ><![CDATA[ ]]></word>
<word x ="253.391" width="7.6958" id="824" ><![CDATA[ O]]></word>
</line>
<line y ="576.1188" id="425" height="63.3608">
<word x ="246.896" width="6.9679" id="825" ><![CDATA[ ]]></word>
<word x ="269.1" width="6.9679" id="826" ><![CDATA[ ]]></word>
<word x ="291.313" width="6.9679" id="827" ><![CDATA[ ]]></word>
<word x ="313.521" width="8.9178" id="828" ><![CDATA[ ]]></word>
<word x ="342.224" width="7.6958" id="829" ><![CDATA[ O]]></word>
</line>
<line y ="592.3688" id="426" height="63.3608">
<word x ="335.73" width="6.9679" id="830" ><![CDATA[ ]]></word>
</line>
</para>
<para id="236">
<line y ="601.5488" id="427" height="9.3898">
<word x ="175.022" width="40.4782" id="831" ><![CDATA[ tem-ber,]]></word>
</line>
<line y ="601.5488" id="428" height="9.3898">
<word x ="242.77" width="16.5097" id="832" ><![CDATA[ Oct]]></word>
<word x ="262.089" width="3.5699" id="833" ><![CDATA[ -]]></word>
<word x ="268.729" width="8.8398" id="834" ><![CDATA[ to]]></word>
<word x ="280.178" width="3.5699" id="835" ><![CDATA[ -]]></word>
<word x ="286.438" width="17.8996" id="836" ><![CDATA[ ber,]]></word>
</line>
<line y ="601.5488" id="429" height="9.3898">
<word x ="333.107" width="13.3397" id="837" ><![CDATA[ No]]></word>
<word x ="350.126" width="3.5699" id="838" ><![CDATA[ -]]></word>
</line>
</para>
<para id="237">
<line y ="576.1188" id="430" height="63.3608">
<word x ="365.251" width="6.9679" id="839" ><![CDATA[ ]]></word>
<word x ="384.208" width="6.9679" id="840" ><![CDATA[ ]]></word>
<word x ="402.896" width="8.9178" id="841" ><![CDATA[ ]]></word>
<word x ="428.35" width="7.6958" id="842" ><![CDATA[ O]]></word>
</line>
<line y ="592.3688" id="431" height="63.3608">
<word x ="421.855" width="6.9679" id="843" ><![CDATA[ ]]></word>
<word x ="440.549" width="6.9679" id="844" ><![CDATA[ ]]></word>
<word x ="468.98" width="6.9679" id="845" ><![CDATA[ ]]></word>
</line>
</para>
<para id="238">
<line y ="601.5488" id="432" height="9.3898">
<word x ="357.459" width="19.2696" id="846" ><![CDATA[ vem]]></word>
<word x ="378.679" width="3.5699" id="847" ><![CDATA[ -]]></word>
<word x ="384.207" width="17.8996" id="848" ><![CDATA[ ber,]]></word>
</line>
<line y ="601.5488" id="433" height="9.3898">
<word x ="417.437" width="12.3798" id="849" ><![CDATA[ De]]></word>
<word x ="431.407" width="3.5699" id="850" ><![CDATA[ -]]></word>
<word x ="436.435" width="20.0196" id="851" ><![CDATA[ cem]]></word>
<word x ="458.675" width="3.5699" id="852" ><![CDATA[ -]]></word>
<word x ="464.475" width="17.1297" id="853" ><![CDATA[ ber.]]></word>
</line>
</para>
<para id="239">
<line y ="151.791" id="434" height="8.451">
<word x ="386.73" width="40.977" id="854" ><![CDATA[ American]]></word>
<word x ="431.046" width="47.7594" id="855" ><![CDATA[ Jump-Rope]]></word>
<word x ="482.171" width="21.4137" id="856" ><![CDATA[ Song]]></word>
</line>
</para>
<para id="240">
<line y ="216.5768" id="435" height="63.3608">
<word x ="144.48" width="10.1398" id="857" ><![CDATA[ ]]></word>
</line>
</para>
<para id="241">
<line y ="117.95" id="436" height="55.9">
<word x ="209.021" width="157.423" id="858" ><![CDATA[ Bluebells]]></word>
</line>
</para>
<para id="242">
<line y ="744.727" id="437" height="6.573">
<word x ="44.23" width="31.143" id="859" ><![CDATA[ Copyright]]></word>
<word x ="77.536" width="5.901" id="860" ><![CDATA[ ©]]></word>
<word x ="85.6" width="40.1023" id="861" ><![CDATA[ McGraw-Hill]]></word>
<word x ="127.865" width="32.998" id="862" ><![CDATA[ Education.]]></word>
<word x ="163.026" width="39.0943" id="863" ><![CDATA[ (border)Don]]></word>
<word x ="204.284" width="24.479" id="864" ><![CDATA[ Paulson]]></word>
<word x ="230.926" width="114.218" id="865" ><![CDATA[ Photography/Purestock/SuperStock]]></word>
</line>
</para>
<para id="243">
<line y ="754.245" id="438" height="19.5">
<word x ="538.845" width="14.385" id="866" ><![CDATA[ 21]]></word>
</line>
</para>
</page>
</pages>