<?xml version="1.0" encoding="UTF-8"?>
<pages>
<page>
<para id="1">
<line y ="218.604" id="1" height="20.8">
<word x ="167.557" width="85.3584" id="1" ><![CDATA[ SPOTLIGHT]]></word>
<word x ="256.73" width="24.2352" id="2" ><![CDATA[ ON]]></word>
<word x ="284.779" width="48.8768" id="3" ><![CDATA[ MUSIC]]></word>
<word x ="337.471" width="4.448" id="4" ><![CDATA[ •]]></word>
<word x ="345.733" width="44.7696" id="5" ><![CDATA[ SONG]]></word>
<word x ="394.317" width="97.5872" id="6" ><![CDATA[ ANTHOLOGY]]></word>
</line>
</para>
</page>
</pages>