<?xml version="1.0" encoding="UTF-8"?>
<pages>
<page>
<para id="186">
<line y ="240.8543" id="341" height="63.4213">
<word x ="91.9372" width="6.884" id="619" ><![CDATA[ ]]></word>
<word x ="114.416" width="8.2938" id="620" ><![CDATA[ ]]></word>
<word x ="142.041" width="8.2938" id="621" ><![CDATA[ ]]></word>
<word x ="169.667" width="8.2938" id="622" ><![CDATA[ ]]></word>
<word x ="197.02" width="8.2938" id="623" ><![CDATA[ ]]></word>
</line>
</para>
<para id="187">
<line y ="239.2018" id="342" height="9.3898">
<word x ="114.791" width="7.2099" id="624" ><![CDATA[ El]]></word>
<word x ="129.601" width="3.5699" id="625" ><![CDATA[ -]]></word>
<word x ="140.72" width="5.6299" id="626" ><![CDATA[ e]]></word>
<word x ="150.47" width="3.5699" id="627" ><![CDATA[ -]]></word>
<word x ="158.029" width="31.8394" id="628" ><![CDATA[ phants]]></word>
<word x ="196.878" width="14.6287" id="629" ><![CDATA[ are]]></word>
</line>
</para>
<para id="188">
<line y ="231.1048" id="343" height="63.3608">
<word x ="246.583" width="8.2938" id="630" ><![CDATA[ ]]></word>
<word x ="286.934" width="7.4619" id="631" ><![CDATA[ ]]></word>
</line>
</para>
<para id="189">
<line y ="239.2018" id="344" height="9.3898">
<word x ="242.458" width="16.3787" id="632" ><![CDATA[ big.]]></word>
</line>
</para>
<para id="190">
<line y ="240.8548" id="345" height="63.3608">
<word x ="328.104" width="8.2938" id="633" ><![CDATA[ ]]></word>
<word x ="355.458" width="8.2938" id="634" ><![CDATA[ ]]></word>
<word x ="382.541" width="8.2938" id="635" ><![CDATA[ ]]></word>
</line>
</para>
<para id="191">
<line y ="239.2018" id="346" height="9.3898">
<word x ="325.104" width="13.9597" id="636" ><![CDATA[ Spi]]></word>
<word x ="342.684" width="3.5699" id="637" ><![CDATA[ -]]></word>
<word x ="349.833" width="19.8396" id="638" ><![CDATA[ ders]]></word>
<word x ="379.162" width="14.6297" id="639" ><![CDATA[ are]]></word>
</line>
</para>
<para id="192">
<line y ="231.1048" id="347" height="63.3608">
<word x ="431.562" width="8.2938" id="640" ><![CDATA[ ]]></word>
<word x ="477.867" width="7.4619" id="641" ><![CDATA[ ]]></word>
</line>
</para>
<para id="193">
<line y ="239.2018" id="348" height="9.3898">
<word x ="422.187" width="26.8795" id="642" ><![CDATA[ small.]]></word>
</line>
</para>
<para id="194">
<line y ="337.0008" id="349" height="63.3608">
<word x ="116.041" width="8.2938" id="643" ><![CDATA[ ]]></word>
<word x ="155.846" width="8.2938" id="644" ><![CDATA[ ]]></word>
<word x ="185.916" width="8.2938" id="645" ><![CDATA[ ]]></word>
</line>
</para>
<para id="195">
<line y ="335.3478" id="350" height="9.3898">
<word x ="110.041" width="20.0596" id="646" ><![CDATA[ How]]></word>
</line>
<line y ="335.3478" id="351" height="9.3898">
<word x ="151.351" width="16.9087" id="647" ><![CDATA[ can]]></word>
</line>
<line y ="335.3478" id="352" height="9.3898">
<word x ="187.039" width="5.9699" id="648" ><![CDATA[ a]]></word>
</line>
</para>
<para id="196">
<line y ="337.0008" id="353" height="63.3608">
<word x ="223.292" width="8.2938" id="649" ><![CDATA[ ]]></word>
<word x ="252" width="8.2938" id="650" ><![CDATA[ ]]></word>
<word x ="280.978" width="8.2938" id="651" ><![CDATA[ ]]></word>
</line>
</para>
<para id="197">
<line y ="335.3478" id="354" height="9.3898">
<word x ="221.042" width="12.4588" id="652" ><![CDATA[ spi]]></word>
<word x ="237.431" width="3.5699" id="653" ><![CDATA[ -]]></word>
<word x ="244.881" width="22.8395" id="654" ><![CDATA[ der’s]]></word>
<word x ="275.359" width="19.3896" id="655" ><![CDATA[ web]]></word>
</line>
</para>
<para id="198">
<line y ="337.0008" id="355" height="63.3608">
<word x ="326.208" width="8.2938" id="656" ><![CDATA[ ]]></word>
<word x ="372.25" width="8.2938" id="657" ><![CDATA[ ]]></word>
</line>
</para>
<para id="199">
<line y ="335.3478" id="356" height="9.3898">
<word x ="319.833" width="20.9156" id="658" ><![CDATA[ hold]]></word>
</line>
<line y ="335.3478" id="357" height="9.3898">
<word x ="364.038" width="24.4825" id="659" ><![CDATA[ them]]></word>
</line>
</para>
<para id="200">
<line y ="327.2508" id="358" height="63.3608">
<word x ="425.333" width="8.2938" id="660" ><![CDATA[ ]]></word>
<word x ="468.128" width="7.4619" id="661" ><![CDATA[ ]]></word>
</line>
</para>
<para id="201">
<line y ="335.3478" id="359" height="9.3898">
<word x ="420.833" width="17.1297" id="662" ><![CDATA[ all?]]></word>
</line>
</para>
<para id="202">
<line y ="149.444" id="360" height="8.451">
<word x ="410" width="27.675" id="663" ><![CDATA[ Words]]></word>
<word x ="440.744" width="15.786" id="664" ><![CDATA[ and]]></word>
<word x ="459.491" width="24.138" id="665" ><![CDATA[ Music]]></word>
<word x ="486.491" width="9.72" id="666" ><![CDATA[ by]]></word>
</line>
<line y ="160.19" id="361" height="8.451">
<word x ="409.991" width="19.341" id="667" ><![CDATA[ Ellen]]></word>
<word x ="432.491" width="49.338" id="668" ><![CDATA[ McCullough]]></word>
<word x ="484.988" width="33.588" id="669" ><![CDATA[ Brabson]]></word>
</line>
</para>
<para id="203">
<line y ="224.2495" id="362" height="60.9245">
<word x ="90.9997" width="9.7499" id="670" ><![CDATA[ ]]></word>
</line>
</para>
<para id="204">
<line y ="744.727" id="363" height="6.573">
<word x ="74.16" width="9.968" id="671" ><![CDATA[ Big]]></word>
<word x ="86.291" width="12.257" id="672" ><![CDATA[ and]]></word>
<word x ="100.711" width="19.425" id="673" ><![CDATA[ Small.]]></word>
<word x ="122.299" width="7.637" id="674" ><![CDATA[ By]]></word>
<word x ="132.099" width="15.1053" id="675" ><![CDATA[ Ellen]]></word>
<word x ="149.367" width="38.3523" id="676" ><![CDATA[ McCullough]]></word>
<word x ="189.883" width="27.293" id="677" ><![CDATA[ Brabson.]]></word>
<word x ="219.339" width="15.645" id="678" ><![CDATA[ Used]]></word>
<word x ="237.147" width="7.4193" id="679" ><![CDATA[ by]]></word>
<word x ="246.729" width="35.336" id="680" ><![CDATA[ Permission.]]></word>
<word x ="284.228" width="94.3383" id="681" ><![CDATA[ (border)Jupiterimages/Brand]]></word>
<word x ="380.729" width="30.751" id="682" ><![CDATA[ X/Alamy;]]></word>
<word x ="413.643" width="36.624" id="683" ><![CDATA[ (bl)William]]></word>
<word x ="452.43" width="50.092" id="684" ><![CDATA[ Leaman/Alamy]]></word>
</line>
</para>
<para id="205">
<line y ="113.559" id="364" height="41.151">
<word x ="164.311" width="65.317" id="685" ><![CDATA[ Big]]></word>
<word x ="242.399" width="74.777" id="686" ><![CDATA[ and]]></word>
<word x ="329.947" width="108.747" id="687" ><![CDATA[ Small]]></word>
</line>
</para>
<para id="206">
<line y ="754.245" id="365" height="19.5">
<word x ="37" width="17.745" id="688" ><![CDATA[ 20]]></word>
</line>
</para>
</page>
</pages>