<?xml version="1.0" encoding="UTF-8"?>
<pages>
<page>
<para id="151">
<line y ="214.7048" id="275" height="63.3608">
<word x ="72.6672" width="18.4336" id="481" ><![CDATA[ ]]></word>
<word x ="97.8607" width="5.4599" id="482" ><![CDATA[ @]]></word>
<word x ="131.857" width="8.5798" id="483" ><![CDATA[ G]]></word>
</line>
<line y ="234.2048" id="276" height="63.3608">
<word x ="123.855" width="8.2938" id="484" ><![CDATA[ ]]></word>
</line>
</para>
<para id="152">
<line y ="227.1348" id="277" height="9.3898">
<word x ="119.355" width="16.9097" id="485" ><![CDATA[ You]]></word>
</line>
</para>
<para id="153">
<line y ="214.7048" id="278" height="63.3608">
<word x ="165.563" width="8.2938" id="486" ><![CDATA[ ]]></word>
<word x ="191.021" width="8.2938" id="487" ><![CDATA[ ]]></word>
<word x ="216.48" width="8.2938" id="488" ><![CDATA[ ]]></word>
<word x ="241.938" width="8.2938" id="489" ><![CDATA[ ]]></word>
<word x ="267.667" width="8.2938" id="490" ><![CDATA[ ]]></word>
<word x ="301.251" width="8.2938" id="491" ><![CDATA[ ]]></word>
</line>
</para>
<para id="154">
<line y ="227.1348" id="279" height="9.3898">
<word x ="159.188" width="20.9536" id="492" ><![CDATA[ help]]></word>
<word x ="187.63" width="14.6297" id="493" ><![CDATA[ me]]></word>
<word x ="212.71" width="15.3797" id="494" ><![CDATA[ see]]></word>
<word x ="238.918" width="13.9697" id="495" ><![CDATA[ my]]></word>
<word x ="262.398" width="18.4696" id="496" ><![CDATA[ way]]></word>
<word x ="290.226" width="36.3973" id="497" ><![CDATA[ through]]></word>
</line>
</para>
<para id="155">
<line y ="169.9757" id="280" height="12.9997">
<word x ="160.408" width="7.2199" id="498" ><![CDATA[ D]]></word>
<word x ="169.078" width="8.3298" id="499" ><![CDATA[ m]]></word>
</line>
</para>
<para id="156">
<line y ="164.4048" id="281" height="22.1948">
<word x ="265.496" width="6.6699" id="500" ><![CDATA[ B]]></word>
<word x ="273.355" width="3.185" id="501" ><![CDATA[ @]]></word>
</line>
</para>
<para id="157">
<line y ="204.9548" id="282" height="63.3608">
<word x ="342.146" width="7.9039" id="502" ><![CDATA[ ±]]></word>
<word x ="371.265" width="8.5798" id="503" ><![CDATA[ G]]></word>
</line>
<line y ="214.7058" id="283" height="63.3608">
<word x ="363.271" width="8.2938" id="504" ><![CDATA[ ]]></word>
<word x ="384.669" width="8.2938" id="505" ><![CDATA[ ]]></word>
<word x ="405.793" width="8.2938" id="506" ><![CDATA[ ]]></word>
<word x ="426.917" width="8.2938" id="507" ><![CDATA[ ]]></word>
<word x ="454.814" width="7.9039" id="508" ><![CDATA[ ±]]></word>
<word x ="484.22" width="8.5798" id="509" ><![CDATA[ G]]></word>
</line>
<line y ="234.2048" id="284" height="63.3608">
<word x ="476.208" width="8.2938" id="510" ><![CDATA[ ]]></word>
</line>
</para>
<para id="158">
<line y ="227.1348" id="285" height="9.3898">
<word x ="355.23" width="23.3985" id="511" ><![CDATA[ thick]]></word>
<word x ="381.958" width="17.8796" id="512" ><![CDATA[ and]]></word>
<word x ="405.788" width="21.6486" id="513" ><![CDATA[ thin,]]></word>
</line>
<line y ="227.1348" id="286" height="9.3898">
<word x ="474.333" width="11.8398" id="514" ><![CDATA[ no]]></word>
</line>
</para>
<para id="159">
<line y ="169.9757" id="287" height="12.9997">
<word x ="362.726" width="6.6699" id="515" ><![CDATA[ C]]></word>
</line>
<line y ="169.9757" id="288" height="12.9997">
<word x ="426.644" width="6.1099" id="516" ><![CDATA[ F]]></word>
</line>
</para>
<para id="160">
<line y ="302.1858" id="289" height="66.6118">
<word x ="72.6672" width="18.4336" id="517" ><![CDATA[ ]]></word>
<word x ="97.8607" width="5.4599" id="518" ><![CDATA[ @]]></word>
<word x ="114.917" width="8.2938" id="519" ><![CDATA[ ]]></word>
<word x ="137.668" width="8.2938" id="520" ><![CDATA[ ]]></word>
<word x ="160.417" width="7.4619" id="521" ><![CDATA[ ]]></word>
<word x ="198.74" width="8.5798" id="522" ><![CDATA[ G]]></word>
</line>
<line y ="295.6838" id="290" height="63.3608">
<word x ="190.75" width="8.2938" id="523" ><![CDATA[ ]]></word>
<word x ="213.501" width="8.2938" id="524" ><![CDATA[ ]]></word>
<word x ="251.564" width="8.5798" id="525" ><![CDATA[ G]]></word>
</line>
<line y ="311.9338" id="291" height="63.3608">
<word x ="243.563" width="8.2938" id="526" ><![CDATA[ ]]></word>
</line>
</para>
<para id="161">
<line y ="317.8638" id="292" height="9.3898">
<word x ="109.667" width="18.7596" id="527" ><![CDATA[ mat]]></word>
<word x ="129.827" width="3.5699" id="528" ><![CDATA[ -]]></word>
<word x ="135.045" width="13.6197" id="529" ><![CDATA[ ter]]></word>
</line>
<line y ="317.8638" id="293" height="9.3898">
<word x ="180.256" width="28.8784" id="530" ><![CDATA[ where]]></word>
<word x ="216.134" width="2.9699" id="531" ><![CDATA[ I]]></word>
</line>
<line y ="317.8638" id="294" height="9.3898">
<word x ="243.573" width="14.1297" id="532" ><![CDATA[ go.]]></word>
</line>
</para>
<para id="162">
<line y ="255.135" id="295" height="22.196">
<word x ="112.75" width="6.6699" id="533" ><![CDATA[ B]]></word>
<word x ="120.605" width="3.185" id="534" ><![CDATA[ @]]></word>
</line>
</para>
<para id="163">
<line y ="308.6838" id="296" height="63.3608">
<word x ="285.001" width="4.0299" id="535" ><![CDATA[ 
]]></word>
</line>
<line y ="305.4338" id="297" height="63.3608">
<word x ="273.625" width="8.5278" id="536" ><![CDATA[ Ç]]></word>
<word x ="315.068" width="7.4619" id="537" ><![CDATA[ ]]></word>
</line>
</para>
<para id="164">
<line y ="260.7037" id="298" height="12.9997">
<word x ="273.084" width="6.6699" id="538" ><![CDATA[ C]]></word>
</line>
</para>
<para id="165">
<line y ="305.4348" id="299" height="63.3608">
<word x ="345.938" width="8.2938" id="539" ><![CDATA[ ]]></word>
<word x ="366.521" width="8.2938" id="540" ><![CDATA[ ]]></word>
<word x ="387.376" width="8.2938" id="541" ><![CDATA[ ]]></word>
<word x ="407.958" width="8.2938" id="542" ><![CDATA[ ]]></word>
<word x ="428.542" width="8.2938" id="543" ><![CDATA[ ]]></word>
<word x ="455.893" width="8.2938" id="544" ><![CDATA[ ]]></word>
<word x ="476.751" width="8.2938" id="545" ><![CDATA[ ]]></word>
</line>
</para>
<para id="166">
<line y ="317.8638" id="300" height="9.3898">
<word x ="335.438" width="28.8804" id="546" ><![CDATA[ When]]></word>
<word x ="369.117" width="2.9699" id="547" ><![CDATA[ I]]></word>
<word x ="379.467" width="24.2025" id="548" ><![CDATA[ think]]></word>
<word x ="407.23" width="9.3788" id="549" ><![CDATA[ of]]></word>
<word x ="422.938" width="19.4006" id="550" ><![CDATA[ you,]]></word>
</line>
<line y ="317.8638" id="301" height="9.3898">
<word x ="458.539" width="2.9699" id="551" ><![CDATA[ I]]></word>
<word x ="473.387" width="14.7697" id="552" ><![CDATA[ am]]></word>
</line>
</para>
<para id="167">
<line y ="260.7047" id="302" height="12.9997">
<word x ="340.778" width="7.2199" id="553" ><![CDATA[ D]]></word>
<word x ="349.448" width="8.3298" id="554" ><![CDATA[ m]]></word>
</line>
</para>
<para id="168">
<line y ="255.1338" id="303" height="22.1948">
<word x ="426.366" width="6.6699" id="555" ><![CDATA[ B]]></word>
<word x ="434.23" width="3.185" id="556" ><![CDATA[ @]]></word>
</line>
</para>
<para id="169">
<line y ="386.4138" id="304" height="63.3608">
<word x ="72.6672" width="18.4336" id="557" ><![CDATA[ ]]></word>
<word x ="97.8607" width="5.4599" id="558" ><![CDATA[ @]]></word>
<word x ="114.917" width="7.9039" id="559" ><![CDATA[ ±]]></word>
<word x ="144.322" width="8.5798" id="560" ><![CDATA[ G]]></word>
</line>
<line y ="396.1638" id="305" height="63.3608">
<word x ="136.313" width="8.2938" id="561" ><![CDATA[ ]]></word>
<word x ="157.971" width="8.2938" id="562" ><![CDATA[ ]]></word>
<word x ="179.376" width="8.2938" id="563" ><![CDATA[ ]]></word>
<word x ="201.043" width="8.2938" id="564" ><![CDATA[ ]]></word>
<word x ="229.2" width="7.9039" id="565" ><![CDATA[ ±]]></word>
<word x ="258.866" width="8.5798" id="566" ><![CDATA[ G]]></word>
</line>
<line y ="415.6638" id="306" height="63.3608">
<word x ="250.876" width="8.2938" id="567" ><![CDATA[ ]]></word>
</line>
</para>
<para id="170">
<line y ="408.5938" id="307" height="9.3898">
<word x ="131.813" width="16.9857" id="568" ><![CDATA[ nev]]></word>
<word x ="151.259" width="3.5699" id="569" ><![CDATA[ -]]></word>
<word x ="157.247" width="9.8628" id="570" ><![CDATA[ er]]></word>
<word x ="179.39" width="18.6496" id="571" ><![CDATA[ lost,]]></word>
</line>
<line y ="408.5938" id="308" height="9.3898">
<word x ="246.001" width="17.8786" id="572" ><![CDATA[ and]]></word>
</line>
</para>
<para id="171">
<line y ="351.4347" id="309" height="12.9997">
<word x ="135.773" width="6.6699" id="573" ><![CDATA[ C]]></word>
</line>
<line y ="351.4347" id="310" height="12.9997">
<word x ="200.771" width="6.1099" id="574" ><![CDATA[ F]]></word>
</line>
</para>
<para id="172">
<line y ="389.6638" id="311" height="63.3608">
<word x ="279.584" width="8.2938" id="575" ><![CDATA[ ]]></word>
<word x ="308.573" width="7.4619" id="576" ><![CDATA[ ]]></word>
<word x ="345.545" width="8.5798" id="577" ><![CDATA[ G]]></word>
</line>
<line y ="399.4138" id="312" height="63.3608">
<word x ="337.543" width="8.2938" id="578" ><![CDATA[ ]]></word>
<word x ="359.48" width="8.2938" id="579" ><![CDATA[ ]]></word>
</line>
<line y ="386.4138" id="313" height="63.3608">
<word x ="396.451" width="8.5798" id="580" ><![CDATA[ G]]></word>
</line>
<line y ="402.6638" id="314" height="63.3608">
<word x ="388.458" width="8.2938" id="581" ><![CDATA[ ]]></word>
</line>
</para>
<para id="173">
<line y ="408.5938" id="315" height="9.3898">
<word x ="270.584" width="26.5795" id="582" ><![CDATA[ that's]]></word>
</line>
<line y ="408.5938" id="316" height="9.3898">
<word x ="331.903" width="19.3096" id="583" ><![CDATA[ how]]></word>
<word x ="362.091" width="2.9699" id="584" ><![CDATA[ I]]></word>
</line>
<line y ="408.5938" id="317" height="9.3898">
<word x ="388.442" width="27.6484" id="585" ><![CDATA[ know,]]></word>
</line>
</para>
<para id="174">
<line y ="345.865" id="318" height="22.196">
<word x ="277.417" width="6.6699" id="586" ><![CDATA[ B]]></word>
<word x ="285.271" width="3.185" id="587" ><![CDATA[ @]]></word>
</line>
</para>
<para id="175">
<line y ="399.4138" id="319" height="63.3608">
<word x ="429.625" width="4.0299" id="588" ><![CDATA[ 
]]></word>
</line>
<line y ="402.6638" id="320" height="63.3608">
<word x ="418.251" width="8.5278" id="589" ><![CDATA[ Ç]]></word>
</line>
<line y ="396.1638" id="321" height="63.3608">
<word x ="468.638" width="7.4619" id="590" ><![CDATA[ ]]></word>
</line>
</para>
<para id="176">
<line y ="351.4337" id="322" height="12.9997">
<word x ="417.708" width="6.6699" id="591" ><![CDATA[ C]]></word>
</line>
</para>
<para id="177">
<line y ="490.1428" id="323" height="66.6108">
<word x ="72.6672" width="18.4336" id="592" ><![CDATA[ ]]></word>
<word x ="97.8607" width="5.4599" id="593" ><![CDATA[ @]]></word>
<word x ="114.917" width="8.2938" id="594" ><![CDATA[ ]]></word>
<word x ="158.804" width="7.4619" id="595" ><![CDATA[ ]]></word>
</line>
<line y ="480.3928" id="324" height="63.3608">
<word x ="210.673" width="8.5798" id="596" ><![CDATA[ G]]></word>
</line>
<line y ="490.1428" id="325" height="63.3608">
<word x ="202.667" width="8.2938" id="597" ><![CDATA[ ]]></word>
<word x ="235.98" width="8.2938" id="598" ><![CDATA[ ]]></word>
</line>
<line y ="477.1428" id="326" height="63.3608">
<word x ="287.849" width="8.5798" id="599" ><![CDATA[ G]]></word>
</line>
<line y ="493.3928" id="327" height="63.3608">
<word x ="279.855" width="8.2938" id="600" ><![CDATA[ ]]></word>
</line>
</para>
<para id="178">
<line y ="499.3228" id="328" height="9.3898">
<word x ="105.917" width="26.5795" id="601" ><![CDATA[ that’s]]></word>
</line>
<line y ="499.3228" id="329" height="9.3898">
<word x ="197.034" width="19.3096" id="602" ><![CDATA[ how]]></word>
</line>
<line y ="499.3228" id="330" height="9.3898">
<word x ="231.842" width="16.1597" id="603" ><![CDATA[ you]]></word>
</line>
<line y ="499.3228" id="331" height="9.3898">
<word x ="279.843" width="23.0585" id="604" ><![CDATA[ show]]></word>
</line>
</para>
<para id="179">
<line y ="436.594" id="332" height="22.196">
<word x ="112.75" width="6.6699" id="605" ><![CDATA[ B]]></word>
<word x ="120.605" width="3.185" id="606" ><![CDATA[ @]]></word>
</line>
</para>
<para id="180">
<line y ="493.3928" id="333" height="63.3608">
<word x ="320.48" width="8.5278" id="607" ><![CDATA[ Ç]]></word>
</line>
<line y ="490.1427" id="334" height="66.6107">
<word x ="385.739" width="7.9039" id="608" ><![CDATA[ ±]]></word>
<word x ="426.506" width="8.5798" id="609" ><![CDATA[ G]]></word>
</line>
<line y ="506.3928" id="335" height="63.3608">
<word x ="418.522" width="8.2938" id="610" ><![CDATA[ ]]></word>
<word x ="451.021" width="8.2938" id="611" ><![CDATA[ ]]></word>
</line>
</para>
<para id="181">
<line y ="499.3228" id="336" height="9.3898">
<word x ="412.897" width="19.5096" id="612" ><![CDATA[ that]]></word>
<word x ="442.396" width="25.1295" id="613" ><![CDATA[ we’re]]></word>
</line>
</para>
<para id="182">
<line y ="442.1637" id="337" height="12.9997">
<word x ="319.938" width="6.6699" id="614" ><![CDATA[ C]]></word>
</line>
</para>
<para id="183">
<line y ="155.3" id="338" height="15.6">
<word x ="112.73" width="32.16" id="615" ><![CDATA[ Verse]]></word>
</line>
</para>
<para id="184">
<line y ="518.3" id="339" height="15.6">
<word x ="402.218" width="31.9716" id="616" ><![CDATA[ (Sing]]></word>
<word x ="438.186" width="49.4832" id="617" ><![CDATA[ Refrain)]]></word>
</line>
</para>
<para id="185">
<line y ="754.245" id="340" height="19.5">
<word x ="538.74" width="14.49" id="618" ><![CDATA[ 19]]></word>
</line>
</para>
</page>
</pages>