<?xml version="1.0" encoding="UTF-8"?>
<pages>
<page>
<para id="2">
<line y ="221.3678" id="2" height="63.3608">
<word x ="91.9372" width="18.4336" id="7" ><![CDATA[ ]]></word>
</line>
<line y ="213.7861" id="3" height="75.2791">
<word x ="117.131" width="6.1359" id="8" ><![CDATA[ ]]></word>
<word x ="125.269" width="6.1359" id="9" ><![CDATA[ ]]></word>
<word x ="153.145" width="3.3449" id="10" ><![CDATA[ 
]]></word>
</line>
</para>
<para id="3">
<line y ="213.786" id="4" height="52.59">
<word x ="143.125" width="6.884" id="11" ><![CDATA[ ]]></word>
</line>
</para>
<para id="4">
<line y ="231.1178" id="5" height="63.3608">
<word x ="170.479" width="8.2938" id="12" ><![CDATA[ ]]></word>
</line>
<line y ="211.6178" id="6" height="63.3608">
<word x ="216.94" width="8.5798" id="13" ><![CDATA[ G]]></word>
</line>
<line y ="227.8678" id="7" height="63.3608">
<word x ="208.937" width="8.2938" id="14" ><![CDATA[ ]]></word>
</line>
</para>
<para id="5">
<line y ="226.2138" id="8" height="9.3898">
<word x ="166.354" width="16.3987" id="15" ><![CDATA[ Oh,]]></word>
</line>
<line y ="239.2138" id="9" height="9.3898">
<word x ="165.974" width="17.5886" id="16" ><![CDATA[ was]]></word>
</line>
</para>
<para id="6">
<line y ="226.2138" id="10" height="9.3898">
<word x ="205.183" width="15.3797" id="17" ><![CDATA[ the]]></word>
</line>
<line y ="239.2138" id="11" height="9.3898">
<word x ="205.183" width="15.3797" id="18" ><![CDATA[ the]]></word>
</line>
</para>
<para id="7">
<line y ="165.98" id="12" height="11.268">
<word x ="172.375" width="8.232" id="19" ><![CDATA[ A]]></word>
</line>
</para>
<para id="8">
<line y ="224.6178" id="13" height="63.3608">
<word x ="248.749" width="8.2938" id="20" ><![CDATA[ ]]></word>
</line>
<line y ="208.3678" id="14" height="63.3608">
<word x ="294.95" width="8.5798" id="21" ><![CDATA[ G]]></word>
</line>
<line y ="227.8678" id="15" height="66.6108">
<word x ="286.937" width="8.2938" id="22" ><![CDATA[ ]]></word>
<word x ="315.926" width="8.2938" id="23" ><![CDATA[ ]]></word>
<word x ="344.625" width="8.2938" id="24" ><![CDATA[ ]]></word>
<word x ="373.603" width="8.2938" id="25" ><![CDATA[ ]]></word>
</line>
</para>
<para id="9">
<line y ="226.2138" id="16" height="9.3898">
<word x ="241.999" width="21.8696" id="26" ><![CDATA[ bear]]></word>
</line>
<line y ="239.2138" id="17" height="9.3898">
<word x ="244.999" width="15.4097" id="27" ><![CDATA[ oth]]></word>
<word x ="271.558" width="3.5699" id="28" ><![CDATA[ -]]></word>
</line>
</para>
<para id="10">
<line y ="226.2138" id="18" height="9.3898">
<word x ="279.439" width="23.2585" id="29" ><![CDATA[ went]]></word>
</line>
<line y ="239.2138" id="19" height="9.3898">
<word x ="286.189" width="9.8698" id="30" ><![CDATA[ er]]></word>
</line>
</para>
<para id="11">
<line y ="226.2138" id="20" height="9.3898">
<word x ="317.038" width="5.8399" id="31" ><![CDATA[ o]]></word>
<word x ="330.428" width="3.5699" id="32" ><![CDATA[ -]]></word>
</line>
<line y ="239.2138" id="21" height="9.3898">
<word x ="311.039" width="17.6296" id="33" ><![CDATA[ side]]></word>
</line>
</para>
<para id="12">
<line y ="226.2138" id="22" height="9.3898">
<word x ="341.619" width="14.3687" id="34" ><![CDATA[ ver]]></word>
</line>
<line y ="239.2138" id="23" height="9.3898">
<word x ="343.868" width="9.3798" id="35" ><![CDATA[ of]]></word>
</line>
</para>
<para id="13">
<line y ="226.2138" id="24" height="9.3898">
<word x ="369.848" width="15.3797" id="36" ><![CDATA[ the]]></word>
</line>
<line y ="239.2138" id="25" height="9.3898">
<word x ="369.848" width="15.3797" id="37" ><![CDATA[ the]]></word>
</line>
</para>
<para id="14">
<line y ="170.4047" id="26" height="12.9997">
<word x ="247.661" width="7.2199" id="38" ><![CDATA[ D]]></word>
</line>
</para>
<para id="15">
<line y ="218.1178" id="27" height="63.3608">
<word x ="421.271" width="4.0299" id="39" ><![CDATA[ 
]]></word>
</line>
<line y ="221.3678" id="28" height="63.3608">
<word x ="409.895" width="8.2938" id="40" ><![CDATA[ ]]></word>
</line>
<line y ="224.6178" id="29" height="63.3608">
<word x ="470.021" width="8.2938" id="41" ><![CDATA[ ]]></word>
</line>
</para>
<para id="16">
<line y ="226.2138" id="30" height="9.3898">
<word x ="400.52" width="26.6595" id="42" ><![CDATA[ moun]]></word>
</line>
<line y ="226.2138" id="31" height="9.3898">
<word x ="443.678" width="3.5699" id="43" ><![CDATA[ -]]></word>
</line>
<line y ="239.2138" id="32" height="9.3898">
<word x ="400.52" width="26.6595" id="44" ><![CDATA[ moun]]></word>
</line>
<line y ="239.2138" id="33" height="9.3898">
<word x ="443.678" width="3.5699" id="45" ><![CDATA[ -]]></word>
</line>
</para>
<para id="17">
<line y ="226.2138" id="34" height="9.3898">
<word x ="463.649" width="20.8996" id="46" ><![CDATA[ tain,]]></word>
</line>
<line y ="239.2138" id="35" height="9.3898">
<word x ="463.649" width="20.8996" id="47" ><![CDATA[ tain,]]></word>
</line>
</para>
<para id="18">
<line y ="170.1347" id="36" height="12.9997">
<word x ="408.82" width="7.2199" id="48" ><![CDATA[ G]]></word>
</line>
<line y ="170.1347" id="37" height="12.9997">
<word x ="468.949" width="7.2199" id="49" ><![CDATA[ D]]></word>
</line>
</para>
<para id="19">
<line y ="312.3678" id="38" height="63.3608">
<word x ="91.9372" width="18.4336" id="50" ><![CDATA[ ]]></word>
</line>
<line y ="302.6176" id="39" height="73.1106">
<word x ="117.131" width="6.1359" id="51" ><![CDATA[ ]]></word>
<word x ="125.269" width="6.1359" id="52" ><![CDATA[ ]]></word>
<word x ="151.127" width="8.5798" id="53" ><![CDATA[ G]]></word>
</line>
<line y ="315.6178" id="40" height="63.3608">
<word x ="143.125" width="8.2938" id="54" ><![CDATA[ ]]></word>
</line>
</para>
<para id="20">
<line y ="317.2148" id="41" height="9.3898">
<word x ="139.375" width="15.3797" id="55" ><![CDATA[ the]]></word>
</line>
<line y ="330.2148" id="42" height="9.3898">
<word x ="139.375" width="15.3797" id="56" ><![CDATA[ the]]></word>
</line>
</para>
<para id="21">
<line y ="318.8678" id="43" height="63.3608">
<word x ="187.27" width="8.2938" id="57" ><![CDATA[ ]]></word>
</line>
<line y ="302.6178" id="44" height="63.3608">
<word x ="240.231" width="8.5798" id="58" ><![CDATA[ G]]></word>
</line>
<line y ="322.1178" id="45" height="66.6108">
<word x ="232.229" width="8.2938" id="59" ><![CDATA[ ]]></word>
<word x ="266.626" width="8.2938" id="60" ><![CDATA[ ]]></word>
<word x ="300.75" width="8.2938" id="61" ><![CDATA[ ]]></word>
<word x ="334.875" width="8.2938" id="62" ><![CDATA[ ]]></word>
</line>
</para>
<para id="22">
<line y ="317.2148" id="46" height="9.3898">
<word x ="180.52" width="21.8696" id="63" ><![CDATA[ bear]]></word>
</line>
<line y ="330.2148" id="47" height="9.3898">
<word x ="183.52" width="15.4097" id="64" ><![CDATA[ oth]]></word>
<word x ="213.469" width="3.5699" id="65" ><![CDATA[ -]]></word>
</line>
</para>
<para id="23">
<line y ="317.2148" id="48" height="9.3898">
<word x ="224.73" width="23.2585" id="66" ><![CDATA[ went]]></word>
</line>
<line y ="330.2148" id="49" height="9.3898">
<word x ="231.479" width="9.8698" id="67" ><![CDATA[ er]]></word>
</line>
</para>
<para id="24">
<line y ="317.2148" id="50" height="9.3898">
<word x ="267.749" width="5.8399" id="68" ><![CDATA[ o]]></word>
<word x ="283.838" width="3.5699" id="69" ><![CDATA[ -]]></word>
</line>
<line y ="330.2148" id="51" height="9.3898">
<word x ="261.749" width="17.6296" id="70" ><![CDATA[ side]]></word>
</line>
</para>
<para id="25">
<line y ="317.2148" id="52" height="9.3898">
<word x ="297.749" width="14.3697" id="71" ><![CDATA[ ver]]></word>
</line>
<line y ="330.2148" id="53" height="9.3898">
<word x ="299.999" width="9.3798" id="72" ><![CDATA[ of]]></word>
</line>
</para>
<para id="26">
<line y ="317.2148" id="54" height="9.3898">
<word x ="331.128" width="15.3797" id="73" ><![CDATA[ the]]></word>
</line>
<line y ="330.2148" id="55" height="9.3898">
<word x ="331.128" width="15.3797" id="74" ><![CDATA[ the]]></word>
</line>
</para>
<para id="27">
<line y ="265.1957" id="56" height="12.9997">
<word x ="187.271" width="6.6699" id="75" ><![CDATA[ A]]></word>
<word x ="195.121" width="4.9999" id="76" ><![CDATA[ 7]]></word>
</line>
</para>
<para id="28">
<line y ="315.6178" id="57" height="63.3608">
<word x ="399.604" width="4.0299" id="77" ><![CDATA[ 
]]></word>
</line>
<line y ="315.6178" id="58" height="63.3608">
<word x ="388.228" width="8.2938" id="78" ><![CDATA[ ]]></word>
</line>
<line y ="322.1178" id="59" height="63.3608">
<word x ="455.125" width="8.2938" id="79" ><![CDATA[ ]]></word>
</line>
</para>
<para id="29">
<line y ="317.2148" id="60" height="9.3898">
<word x ="378.853" width="26.6595" id="80" ><![CDATA[ moun]]></word>
</line>
<line y ="317.2148" id="61" height="9.3898">
<word x ="425.392" width="3.5699" id="81" ><![CDATA[ -]]></word>
</line>
<line y ="330.2148" id="62" height="9.3898">
<word x ="378.853" width="26.6595" id="82" ><![CDATA[ moun]]></word>
</line>
<line y ="330.2148" id="63" height="9.3898">
<word x ="425.392" width="3.5699" id="83" ><![CDATA[ -]]></word>
</line>
</para>
<para id="30">
<line y ="317.2148" id="64" height="9.3898">
<word x ="448.742" width="20.8996" id="84" ><![CDATA[ tain,]]></word>
</line>
<line y ="330.2148" id="65" height="9.3898">
<word x ="448.742" width="20.8996" id="85" ><![CDATA[ tain,]]></word>
</line>
</para>
<para id="31">
<line y ="265.1957" id="66" height="12.9997">
<word x ="388.493" width="7.2199" id="86" ><![CDATA[ D]]></word>
</line>
</para>
<para id="32">
<line y ="403.3678" id="67" height="63.3608">
<word x ="91.9372" width="18.4336" id="87" ><![CDATA[ ]]></word>
</line>
<line y ="393.6176" id="68" height="73.1106">
<word x ="117.131" width="6.1359" id="88" ><![CDATA[ ]]></word>
<word x ="125.269" width="6.1359" id="89" ><![CDATA[ ]]></word>
<word x ="151.127" width="8.5798" id="90" ><![CDATA[ G]]></word>
</line>
<line y ="409.8678" id="69" height="63.3608">
<word x ="143.125" width="8.2938" id="91" ><![CDATA[ ]]></word>
</line>
</para>
<para id="33">
<line y ="408.2148" id="70" height="9.3898">
<word x ="139.375" width="15.3797" id="92" ><![CDATA[ the]]></word>
</line>
<line y ="421.2138" id="71" height="9.3898">
<word x ="139.375" width="15.3797" id="93" ><![CDATA[ the]]></word>
</line>
</para>
<para id="34">
<line y ="406.6178" id="72" height="63.3608">
<word x ="187" width="8.2938" id="94" ><![CDATA[ ]]></word>
</line>
<line y ="390.3678" id="73" height="63.3608">
<word x ="240.221" width="8.5798" id="95" ><![CDATA[ G]]></word>
</line>
<line y ="409.8678" id="74" height="66.6108">
<word x ="232.229" width="8.2938" id="96" ><![CDATA[ ]]></word>
<word x ="266.366" width="8.2938" id="97" ><![CDATA[ ]]></word>
<word x ="300.478" width="8.2938" id="98" ><![CDATA[ ]]></word>
<word x ="334.875" width="8.2938" id="99" ><![CDATA[ ]]></word>
</line>
</para>
<para id="35">
<line y ="408.2148" id="75" height="9.3898">
<word x ="180.25" width="21.8686" id="100" ><![CDATA[ bear]]></word>
</line>
<line y ="421.2138" id="76" height="9.3898">
<word x ="183.25" width="15.4087" id="101" ><![CDATA[ oth]]></word>
<word x ="213.328" width="3.5699" id="102" ><![CDATA[ -]]></word>
</line>
</para>
<para id="36">
<line y ="408.2148" id="77" height="9.3898">
<word x ="224.729" width="23.2585" id="103" ><![CDATA[ went]]></word>
</line>
<line y ="421.2138" id="78" height="9.3898">
<word x ="231.479" width="9.8698" id="104" ><![CDATA[ er]]></word>
</line>
</para>
<para id="37">
<line y ="408.2148" id="79" height="9.3898">
<word x ="267.478" width="5.8399" id="105" ><![CDATA[ o]]></word>
<word x ="283.568" width="3.5699" id="106" ><![CDATA[ -]]></word>
</line>
<line y ="421.2138" id="80" height="9.3898">
<word x ="261.478" width="17.6296" id="107" ><![CDATA[ side]]></word>
</line>
</para>
<para id="38">
<line y ="408.2148" id="81" height="9.3898">
<word x ="297.478" width="14.3697" id="108" ><![CDATA[ ver]]></word>
</line>
<line y ="421.2138" id="82" height="9.3898">
<word x ="299.728" width="9.3798" id="109" ><![CDATA[ of]]></word>
</line>
</para>
<para id="39">
<line y ="408.2148" id="83" height="9.3898">
<word x ="331.128" width="15.3787" id="110" ><![CDATA[ the]]></word>
</line>
<line y ="421.2138" id="84" height="9.3898">
<word x ="331.128" width="15.3787" id="111" ><![CDATA[ the]]></word>
</line>
</para>
<para id="40">
<line y ="357.0157" id="85" height="12.9997">
<word x ="188.351" width="7.2199" id="112" ><![CDATA[ D]]></word>
</line>
</para>
<para id="41">
<line y ="400.1178" id="86" height="63.3608">
<word x ="399.604" width="4.0299" id="113" ><![CDATA[ 
]]></word>
</line>
<line y ="403.3678" id="87" height="63.3608">
<word x ="388.228" width="8.2938" id="114" ><![CDATA[ ]]></word>
</line>
<line y ="396.8678" id="88" height="63.3608">
<word x ="455.125" width="8.2938" id="115" ><![CDATA[ ]]></word>
</line>
</para>
<para id="42">
<line y ="408.2148" id="89" height="9.3898">
<word x ="378.853" width="26.6595" id="116" ><![CDATA[ moun]]></word>
</line>
<line y ="408.2148" id="90" height="9.3898">
<word x ="425.392" width="3.5699" id="117" ><![CDATA[ -]]></word>
</line>
<line y ="421.2138" id="91" height="9.3898">
<word x ="378.853" width="26.6595" id="118" ><![CDATA[ moun]]></word>
</line>
<line y ="421.2138" id="92" height="9.3898">
<word x ="426.142" width="3.5699" id="119" ><![CDATA[ -]]></word>
</line>
</para>
<para id="43">
<line y ="408.2148" id="93" height="9.3898">
<word x ="448.742" width="20.8996" id="120" ><![CDATA[ tain,]]></word>
</line>
<line y ="421.2138" id="94" height="9.3898">
<word x ="450.242" width="17.6596" id="121" ><![CDATA[ tain]]></word>
</line>
</para>
<para id="44">
<line y ="356.1957" id="95" height="12.9997">
<word x ="389.033" width="7.2199" id="122" ><![CDATA[ G]]></word>
</line>
</para>
<para id="45">
<line y ="494.3678" id="96" height="63.3608">
<word x ="91.9372" width="18.4336" id="123" ><![CDATA[ ]]></word>
</line>
<line y ="484.6176" id="97" height="73.1106">
<word x ="117.131" width="6.1359" id="124" ><![CDATA[ ]]></word>
<word x ="125.269" width="6.1359" id="125" ><![CDATA[ ]]></word>
</line>
<line y ="504.1178" id="98" height="63.3608">
<word x ="143.395" width="8.5798" id="126" ><![CDATA[ (]]></word>
</line>
<line y ="487.8678" id="99" height="63.3608">
<word x ="143.395" width="8.2938" id="127" ><![CDATA[ ]]></word>
</line>
</para>
<para id="46">
<line y ="499.2138" id="100" height="9.3898">
<word x ="143.02" width="8.8398" id="128" ><![CDATA[ to]]></word>
</line>
<line y ="512.2138" id="101" height="9.3898">
<word x ="138.891" width="17.5886" id="129" ><![CDATA[ was]]></word>
</line>
</para>
<para id="47">
<line y ="491.1178" id="102" height="63.3608">
<word x ="187.812" width="8.2938" id="130" ><![CDATA[ ]]></word>
</line>
<line y ="474.8678" id="103" height="63.3608">
<word x ="251.329" width="8.5798" id="131" ><![CDATA[ G]]></word>
</line>
<line y ="494.3678" id="104" height="66.6108">
<word x ="243.333" width="8.2938" id="132" ><![CDATA[ ]]></word>
<word x ="285.312" width="8.2938" id="133" ><![CDATA[ ]]></word>
</line>
<line y ="484.6178" id="105" height="63.3608">
<word x ="348.569" width="8.5798" id="134" ><![CDATA[ G]]></word>
</line>
<line y ="500.8678" id="106" height="63.3608">
<word x ="340.562" width="8.2938" id="135" ><![CDATA[ ]]></word>
</line>
</para>
<para id="48">
<line y ="499.2138" id="107" height="9.3898">
<word x ="184.062" width="15.3797" id="136" ><![CDATA[ see]]></word>
</line>
<line y ="512.2138" id="108" height="9.3898">
<word x ="185.932" width="11.7098" id="137" ><![CDATA[ all]]></word>
</line>
</para>
<para id="49">
<line y ="499.2138" id="109" height="9.3898">
<word x ="235.451" width="24.0095" id="138" ><![CDATA[ what]]></word>
</line>
<line y ="512.2138" id="110" height="9.3898">
<word x ="237.701" width="19.5096" id="139" ><![CDATA[ that]]></word>
</line>
</para>
<para id="50">
<line y ="499.2138" id="111" height="9.3898">
<word x ="283.43" width="11.6298" id="140" ><![CDATA[ he]]></word>
</line>
<line y ="512.2138" id="112" height="9.3898">
<word x ="283.43" width="11.6298" id="141" ><![CDATA[ he]]></word>
</line>
</para>
<para id="51">
<line y ="499.2138" id="113" height="9.3898">
<word x ="331.559" width="26.1295" id="142" ><![CDATA[ could]]></word>
</line>
<line y ="512.2138" id="114" height="9.3898">
<word x ="331.559" width="26.1295" id="143" ><![CDATA[ could]]></word>
</line>
</para>
<para id="52">
<line y ="443.9447" id="115" height="12.9997">
<word x ="187.812" width="6.6699" id="144" ><![CDATA[ A]]></word>
<word x ="195.662" width="4.9999" id="145" ><![CDATA[ 7]]></word>
</line>
</para>
<para id="53">
<line y ="504.1178" id="116" height="63.3608">
<word x ="407.728" width="4.0299" id="146" ><![CDATA[ 
]]></word>
</line>
<line y ="504.1178" id="117" height="63.3608">
<word x ="396.354" width="8.2938" id="147" ><![CDATA[ ]]></word>
</line>
<line y ="504.1178" id="118" height="63.3608">
<word x ="457.292" width="8.2938" id="148" ><![CDATA[ ]]></word>
</line>
</para>
<para id="54">
<line y ="499.2138" id="119" height="9.3898">
<word x ="394.729" width="17.8786" id="149" ><![CDATA[ see.]]></word>
</line>
<line y ="512.2148" id="120" height="9.3898">
<word x ="394.729" width="17.8786" id="150" ><![CDATA[ see.]]></word>
</line>
</para>
<para id="55">
<line y ="443.9497" id="121" height="12.9997">
<word x ="396.354" width="7.2199" id="151" ><![CDATA[ D]]></word>
</line>
</para>
<para id="56">
<line y ="585.3678" id="122" height="63.3608">
<word x ="91.9372" width="18.4336" id="152" ><![CDATA[ ]]></word>
</line>
<line y ="575.6176" id="123" height="73.1106">
<word x ="117.131" width="6.1359" id="153" ><![CDATA[ ]]></word>
<word x ="125.269" width="6.1359" id="154" ><![CDATA[ ]]></word>
<word x ="151.127" width="8.5798" id="155" ><![CDATA[ G]]></word>
</line>
<line y ="588.6168" id="124" height="63.3608">
<word x ="143.125" width="8.2938" id="156" ><![CDATA[ ]]></word>
</line>
</para>
<para id="57">
<line y ="590.2148" id="125" height="9.3898">
<word x ="141.625" width="11.0898" id="157" ><![CDATA[ To]]></word>
</line>
<line y ="603.2148" id="126" height="9.3898">
<word x ="137.875" width="18.6296" id="158" ><![CDATA[ And]]></word>
</line>
</para>
<para id="58">
<line y ="532.959" id="127" height="11.268">
<word x ="143.666" width="7.128" id="159" ><![CDATA[ B]]></word>
</line>
</para>
<para id="59">
<line y ="582.1178" id="128" height="63.3608">
<word x ="188.083" width="8.2938" id="160" ><![CDATA[ ]]></word>
</line>
<line y ="565.8678" id="129" height="63.3608">
<word x ="251.6" width="8.5798" id="161" ><![CDATA[ G]]></word>
</line>
<line y ="578.8668" id="130" height="63.3608">
<word x ="243.604" width="8.2938" id="162" ><![CDATA[ ]]></word>
<word x ="285.853" width="8.2938" id="163" ><![CDATA[ ]]></word>
</line>
<line y ="595.1168" id="131" height="63.3608">
<word x ="341.362" width="8.5798" id="164" ><![CDATA[ (]]></word>
</line>
<line y ="578.8668" id="132" height="63.3608">
<word x ="341.375" width="8.2938" id="165" ><![CDATA[ ]]></word>
</line>
</para>
<para id="60">
<line y ="590.2148" id="133" height="9.3898">
<word x ="184.333" width="15.3797" id="166" ><![CDATA[ see]]></word>
</line>
<line y ="603.2148" id="134" height="9.3898">
<word x ="186.203" width="11.7088" id="167" ><![CDATA[ all]]></word>
</line>
</para>
<para id="61">
<line y ="590.2148" id="135" height="9.3898">
<word x ="235.722" width="24.0085" id="168" ><![CDATA[ what]]></word>
</line>
<line y ="603.2148" id="136" height="9.3898">
<word x ="237.972" width="19.5086" id="169" ><![CDATA[ that]]></word>
</line>
</para>
<para id="62">
<line y ="590.2148" id="137" height="9.3898">
<word x ="283.971" width="11.6298" id="170" ><![CDATA[ he]]></word>
</line>
<line y ="603.2148" id="138" height="9.3898">
<word x ="283.971" width="11.6298" id="171" ><![CDATA[ he]]></word>
</line>
</para>
<para id="63">
<line y ="590.2148" id="139" height="9.3898">
<word x ="332.37" width="26.1285" id="172" ><![CDATA[ could]]></word>
</line>
<line y ="603.2148" id="140" height="9.3898">
<word x ="332.37" width="26.1285" id="173" ><![CDATA[ could]]></word>
</line>
</para>
<para id="64">
<line y ="536.5757" id="141" height="12.9997">
<word x ="186.993" width="7.2199" id="174" ><![CDATA[ D]]></word>
</line>
<line y ="536.5757" id="142" height="12.9997">
<word x ="284.761" width="7.2199" id="175" ><![CDATA[ G]]></word>
</line>
</para>
<para id="65">
<line y ="582.1178" id="143" height="63.3608">
<word x ="409.354" width="4.0299" id="176" ><![CDATA[ 
]]></word>
</line>
<line y ="582.1178" id="144" height="63.3608">
<word x ="397.978" width="8.2938" id="177" ><![CDATA[ ]]></word>
</line>
<line y ="582.1178" id="145" height="63.3608">
<word x ="461.625" width="8.2938" id="178" ><![CDATA[ ]]></word>
</line>
</para>
<para id="66">
<line y ="590.2148" id="146" height="9.3898">
<word x ="394.729" width="18.6486" id="179" ><![CDATA[ see,]]></word>
</line>
<line y ="603.2148" id="147" height="9.3898">
<word x ="395.27" width="18.6496" id="180" ><![CDATA[ see,]]></word>
</line>
</para>
<para id="67">
<line y ="536.5747" id="148" height="12.9997">
<word x ="397.437" width="7.2199" id="181" ><![CDATA[ D]]></word>
</line>
</para>
<para id="68">
<line y ="676.3668" id="149" height="63.3608">
<word x ="91.9372" width="18.4336" id="182" ><![CDATA[ ]]></word>
</line>
<line y ="666.6166" id="150" height="73.1106">
<word x ="117.131" width="6.1359" id="183" ><![CDATA[ ]]></word>
<word x ="125.269" width="6.1359" id="184" ><![CDATA[ ]]></word>
<word x ="151.127" width="8.5798" id="185" ><![CDATA[ G]]></word>
</line>
<line y ="679.6178" id="151" height="63.3608">
<word x ="143.125" width="8.2938" id="186" ><![CDATA[ ]]></word>
</line>
</para>
<para id="69">
<line y ="681.2138" id="152" height="9.3898">
<word x ="142.75" width="8.8398" id="187" ><![CDATA[ to]]></word>
</line>
<line y ="694.2138" id="153" height="9.3898">
<word x ="138.25" width="17.8796" id="188" ><![CDATA[ and]]></word>
</line>
</para>
<para id="70">
<line y ="673.1178" id="154" height="63.3608">
<word x ="187.541" width="8.2938" id="189" ><![CDATA[ ]]></word>
</line>
<line y ="656.8678" id="155" height="63.3608">
<word x ="250.252" width="8.5798" id="190" ><![CDATA[ G]]></word>
</line>
<line y ="669.8678" id="156" height="63.3608">
<word x ="242.25" width="8.2938" id="191" ><![CDATA[ ]]></word>
<word x ="283.688" width="8.2938" id="192" ><![CDATA[ ]]></word>
</line>
<line y ="686.1168" id="157" height="63.3608">
<word x ="338.391" width="8.5798" id="193" ><![CDATA[ (]]></word>
</line>
<line y ="669.8678" id="158" height="63.3608">
<word x ="338.396" width="8.2938" id="194" ><![CDATA[ ]]></word>
</line>
</para>
<para id="71">
<line y ="681.2138" id="159" height="9.3898">
<word x ="183.791" width="15.3797" id="195" ><![CDATA[ see]]></word>
</line>
<line y ="694.2138" id="160" height="9.3898">
<word x ="185.661" width="11.7098" id="196" ><![CDATA[ all]]></word>
</line>
</para>
<para id="72">
<line y ="681.2138" id="161" height="9.3898">
<word x ="234.37" width="24.0095" id="197" ><![CDATA[ what]]></word>
</line>
<line y ="694.2138" id="162" height="9.3898">
<word x ="236.62" width="19.5096" id="198" ><![CDATA[ that]]></word>
</line>
</para>
<para id="73">
<line y ="681.2138" id="163" height="9.3898">
<word x ="281.809" width="11.6298" id="199" ><![CDATA[ he]]></word>
</line>
<line y ="694.2138" id="164" height="9.3898">
<word x ="281.809" width="11.6298" id="200" ><![CDATA[ he]]></word>
</line>
</para>
<para id="74">
<line y ="681.2138" id="165" height="9.3898">
<word x ="329.388" width="26.1295" id="201" ><![CDATA[ could]]></word>
</line>
<line y ="694.2138" id="166" height="9.3898">
<word x ="329.388" width="26.1295" id="202" ><![CDATA[ could]]></word>
</line>
</para>
<para id="75">
<line y ="627.5757" id="167" height="12.9997">
<word x ="185.361" width="7.2199" id="203" ><![CDATA[ D]]></word>
</line>
<line y ="627.5757" id="168" height="12.9997">
<word x ="282.589" width="7.2199" id="204" ><![CDATA[ G]]></word>
</line>
</para>
<para id="76">
<line y ="673.1178" id="169" height="63.3608">
<word x ="405.563" width="4.0299" id="205" ><![CDATA[ 
]]></word>
</line>
<line y ="673.1178" id="170" height="63.3608">
<word x ="394.187" width="8.2938" id="206" ><![CDATA[ ]]></word>
</line>
</para>
<para id="77">
<line y ="681.2138" id="171" height="9.3898">
<word x ="389.312" width="17.8796" id="207" ><![CDATA[ see.]]></word>
</line>
<line y ="694.2138" id="172" height="9.3898">
<word x ="389.312" width="17.8796" id="208" ><![CDATA[ see.]]></word>
</line>
</para>
<para id="78">
<line y ="627.5757" id="173" height="12.9997">
<word x ="393.912" width="7.2199" id="209" ><![CDATA[ D]]></word>
</line>
</para>
<para id="79">
<line y ="148.644" id="174" height="8.451">
<word x ="471.5" width="46.08" id="210" ><![CDATA[ Traditional]]></word>
</line>
</para>
<para id="80">
<line y ="622.9507" id="175" height="12.9997">
<word x ="478.25" width="13.0587" id="211" ><![CDATA[ Da]]></word>
<word x ="493.999" width="22.2496" id="212" ><![CDATA[ Capo]]></word>
</line>
</para>
<para id="81">
<line y ="443.2037" id="176" height="12.9997">
<word x ="451" width="23.0145" id="213" ><![CDATA[ Fine,]]></word>
<word x ="477.234" width="16.0787" id="214" ><![CDATA[ last]]></word>
<word x ="495.983" width="20.2046" id="215" ><![CDATA[ time]]></word>
</line>
</para>
<para id="82">
<line y ="225.8578" id="177" height="9.3898">
<word x ="133.497" width="17.8796" id="216" ><![CDATA[ 1.-2.]]></word>
</line>
<line y ="239.3578" id="178" height="9.3898">
<word x ="143.246" width="7.3798" id="217" ><![CDATA[ 3.]]></word>
</line>
</para>
<para id="83">
<line y ="603.3608" id="179" height="9.3898">
<word x ="127.247" width="8.1298" id="218" ><![CDATA[ 2.]]></word>
</line>
</para>
<para id="84">
<line y ="211.1977" id="180" height="12.9997">
<word x ="79.248" width="10.8098" id="219" ><![CDATA[ do]]></word>
</line>
</para>
<para id="85">
<line y ="208.4308" id="181" height="63.3608">
<word x ="142" width="10.1398" id="220" ><![CDATA[ ]]></word>
</line>
</para>
<para id="86">
<line y ="744.727" id="182" height="6.573">
<word x ="74.16" width="31.143" id="221" ><![CDATA[ Copyright]]></word>
<word x ="107.466" width="5.901" id="222" ><![CDATA[ ©]]></word>
<word x ="115.53" width="40.1023" id="223" ><![CDATA[ McGraw-Hill]]></word>
<word x ="157.795" width="32.998" id="224" ><![CDATA[ Education.]]></word>
<word x ="192.956" width="79.6733" id="225" ><![CDATA[ (border)PhotoLink/Getty]]></word>
<word x ="274.793" width="23.394" id="226" ><![CDATA[ Images]]></word>
</line>
</para>
<para id="87">
<line y ="112.7" id="183" height="44.2">
<word x ="54.0305" width="55.4166" id="227" ><![CDATA[ The]]></word>
<word x ="118.658" width="68.0306" id="228" ><![CDATA[ Bear]]></word>
<word x ="195.899" width="76.1566" id="229" ><![CDATA[ Went]]></word>
<word x ="281.27" width="68.544" id="230" ><![CDATA[ Over]]></word>
<word x ="359.028" width="46.58" id="231" ><![CDATA[ the]]></word>
<word x ="414.818" width="134.127" id="232" ><![CDATA[ Mountain]]></word>
</line>
</para>
<para id="88">
<line y ="754.245" id="184" height="19.5">
<word x ="37" width="14.61" id="233" ><![CDATA[ 16]]></word>
</line>
</para>
</page>
</pages>