<?xml version="1.0" encoding="UTF-8"?>
<pages>
<page>
<para id="89">
<line y ="238.9048" id="185" height="63.3608">
<word x ="78.167" width="18.4336" id="234" ><![CDATA[ ]]></word>
</line>
<line y ="242.1544" id="186" height="86.1104">
<word x ="103.361" width="6.1359" id="235" ><![CDATA[ ]]></word>
<word x ="111.498" width="6.1359" id="236" ><![CDATA[ ]]></word>
<word x ="126.917" width="6.884" id="237" ><![CDATA[ ]]></word>
<word x ="147.5" width="8.2938" id="238" ><![CDATA[ ]]></word>
<word x ="188.396" width="8.2938" id="239" ><![CDATA[ ]]></word>
</line>
</para>
<para id="90">
<line y ="243.7518" id="187" height="9.3898">
<word x ="141.5" width="20.1496" id="240" ><![CDATA[ Bee,]]></word>
</line>
<line y ="243.7518" id="188" height="9.3898">
<word x ="182.018" width="20.8996" id="241" ><![CDATA[ bee,]]></word>
</line>
</para>
<para id="91">
<line y ="188.7627" id="189" height="12.9997">
<word x ="147.5" width="7.2199" id="242" ><![CDATA[ D]]></word>
</line>
</para>
<para id="92">
<line y ="242.1548" id="190" height="69.8608">
<word x ="236.334" width="8.2938" id="243" ><![CDATA[ ]]></word>
<word x ="260.98" width="8.2938" id="244" ><![CDATA[ ]]></word>
<word x ="285.355" width="8.2938" id="245" ><![CDATA[ ]]></word>
</line>
</para>
<para id="93">
<line y ="243.7518" id="191" height="9.3898">
<word x ="229.959" width="20.7696" id="246" ><![CDATA[ bum]]></word>
<word x ="252.509" width="3.5699" id="247" ><![CDATA[ -]]></word>
<word x ="257.867" width="14.6297" id="248" ><![CDATA[ ble]]></word>
<word x ="274.827" width="3.5699" id="249" ><![CDATA[ -]]></word>
<word x ="280.597" width="20.8996" id="250" ><![CDATA[ bee,]]></word>
</line>
</para>
<para id="94">
<line y ="242.1548" id="192" height="69.8608">
<word x ="325.167" width="8.2938" id="251" ><![CDATA[ ]]></word>
<word x ="347.375" width="8.2938" id="252" ><![CDATA[ ]]></word>
<word x ="369.583" width="8.2938" id="253" ><![CDATA[ ]]></word>
<word x ="391.793" width="8.2938" id="254" ><![CDATA[ ]]></word>
</line>
</para>
<para id="95">
<line y ="243.7518" id="193" height="9.3898">
<word x ="316.063" width="26.9885" id="255" ><![CDATA[ Stung]]></word>
<word x ="348.501" width="5.9699" id="256" ><![CDATA[ a]]></word>
<word x ="363.211" width="20.6596" id="257" ><![CDATA[ man]]></word>
<word x ="390.46" width="11.9698" id="258" ><![CDATA[ up]]></word>
<word x ="408.769" width="3.5699" id="259" ><![CDATA[ -]]></word>
</line>
</para>
<para id="96">
<line y ="189.3027" id="194" height="12.9997">
<word x ="324.083" width="7.2199" id="260" ><![CDATA[ D]]></word>
</line>
</para>
<para id="97">
<line y ="242.1548" id="195" height="69.8608">
<word x ="421.313" width="8.2938" id="261" ><![CDATA[ ]]></word>
<word x ="445.959" width="8.2938" id="262" ><![CDATA[ ]]></word>
<word x ="470.334" width="8.2938" id="263" ><![CDATA[ ]]></word>
</line>
</para>
<para id="98">
<line y ="243.7518" id="196" height="9.3898">
<word x ="418.896" width="11.6598" id="264" ><![CDATA[ on]]></word>
<word x ="443.705" width="13.1537" id="265" ><![CDATA[ his]]></word>
<word x ="461.398" width="26.1105" id="266" ><![CDATA[ knee,]]></word>
</line>
</para>
<para id="99">
<line y ="333.9678" id="197" height="63.3608">
<word x ="78.167" width="18.4336" id="267" ><![CDATA[ ]]></word>
</line>
<line y ="337.2164" id="198" height="86.1094">
<word x ="103.361" width="6.1359" id="268" ><![CDATA[ ]]></word>
<word x ="111.498" width="6.1359" id="269" ><![CDATA[ ]]></word>
<word x ="126.917" width="8.2938" id="270" ><![CDATA[ ]]></word>
<word x ="149.667" width="8.2938" id="271" ><![CDATA[ ]]></word>
<word x ="172.418" width="8.2938" id="272" ><![CDATA[ ]]></word>
<word x ="194.897" width="8.2938" id="273" ><![CDATA[ ]]></word>
</line>
</para>
<para id="100">
<line y ="338.8148" id="199" height="9.3898">
<word x ="117.542" width="26.9895" id="274" ><![CDATA[ Stung]]></word>
<word x ="150.791" width="5.9699" id="275" ><![CDATA[ a]]></word>
<word x ="169.42" width="14.2397" id="276" ><![CDATA[ pig]]></word>
<word x ="193.019" width="11.9698" id="277" ><![CDATA[ up]]></word>
<word x ="212.148" width="3.5699" id="278" ><![CDATA[ -]]></word>
</line>
</para>
<para id="101">
<line y ="284.3657" id="200" height="12.9997">
<word x ="125.832" width="7.2199" id="279" ><![CDATA[ D]]></word>
</line>
</para>
<para id="102">
<line y ="337.2168" id="201" height="69.8598">
<word x ="224.959" width="8.2938" id="280" ><![CDATA[ ]]></word>
<word x ="249.875" width="8.2938" id="281" ><![CDATA[ ]]></word>
<word x ="275.063" width="8.2938" id="282" ><![CDATA[ ]]></word>
</line>
</para>
<para id="103">
<line y ="338.8148" id="202" height="9.3898">
<word x ="223.084" width="11.6598" id="283" ><![CDATA[ on]]></word>
<word x ="247.623" width="13.1217" id="284" ><![CDATA[ his]]></word>
<word x ="266.594" width="28.3814" id="285" ><![CDATA[ snout,]]></word>
</line>
</para>
<para id="104">
<line y ="337.2168" id="203" height="69.8598">
<word x ="315.417" width="8.2938" id="286" ><![CDATA[ ]]></word>
<word x ="338.168" width="8.2938" id="287" ><![CDATA[ ]]></word>
<word x ="360.917" width="8.2938" id="288" ><![CDATA[ ]]></word>
<word x ="383.396" width="8.2938" id="289" ><![CDATA[ ]]></word>
</line>
</para>
<para id="105">
<line y ="338.8148" id="204" height="9.3898">
<word x ="318.042" width="2.9699" id="290" ><![CDATA[ I]]></word>
<word x ="332.502" width="42.1682" id="291" ><![CDATA[ de-clare]]></word>
<word x ="380.48" width="19.5086" id="292" ><![CDATA[ that]]></word>
</line>
</para>
<para id="106">
<line y ="284.3657" id="205" height="12.9997">
<word x ="314.332" width="7.2199" id="293" ><![CDATA[ D]]></word>
</line>
</para>
<para id="107">
<line y ="337.2168" id="206" height="69.8598">
<word x ="413.458" width="8.2938" id="294" ><![CDATA[ ]]></word>
<word x ="438.647" width="8.2938" id="295" ><![CDATA[ ]]></word>
<word x ="463.834" width="8.2938" id="296" ><![CDATA[ ]]></word>
</line>
</para>
<para id="108">
<line y ="338.8148" id="207" height="9.3898">
<word x ="409.333" width="16.1597" id="297" ><![CDATA[ you]]></word>
<word x ="435.272" width="14.6297" id="298" ><![CDATA[ are]]></word>
<word x ="459.331" width="17.1297" id="299" ><![CDATA[ out.]]></word>
</line>
</para>
<para id="109">
<line y ="150.494" id="208" height="8.451">
<word x ="431.48" width="40.3425" id="300" ><![CDATA[ American]]></word>
<word x ="474.981" width="28.3149" id="301" ><![CDATA[ Rhyme]]></word>
</line>
<line y ="161.24" id="209" height="8.451">
<word x ="349.733" width="24.1371" id="302" ><![CDATA[ Music]]></word>
<word x ="376.733" width="9.72" id="303" ><![CDATA[ by]]></word>
<word x ="389.477" width="31.347" id="304" ><![CDATA[ Marilyn]]></word>
<word x ="423.983" width="39.024" id="305" ><![CDATA[ Copeland]]></word>
<word x ="465.968" width="37.341" id="306" ><![CDATA[ Davidson]]></word>
</line>
</para>
<para id="110">
<line y ="216.0497" id="210" height="12.9997">
<word x ="66.48" width="10.0598" id="307" ><![CDATA[ so]]></word>
</line>
</para>
<para id="111">
<line y ="224.7995" id="211" height="60.9245">
<word x ="125.98" width="9.7499" id="308" ><![CDATA[ ]]></word>
</line>
</para>
<para id="112">
<line y ="118.3" id="212" height="55.9">
<word x ="73.2497" width="86.86" id="309" ><![CDATA[ Bee,]]></word>
<word x ="170.86" width="86.86" id="310" ><![CDATA[ Bee,]]></word>
<word x ="268.47" width="233.748" id="311" ><![CDATA[ Bumblebee]]></word>
</line>
</para>
<para id="113">
<line y ="744.727" id="213" height="6.573">
<word x ="44.23" width="31.143" id="312" ><![CDATA[ Copyright]]></word>
<word x ="77.536" width="5.901" id="313" ><![CDATA[ ©]]></word>
<word x ="85.6" width="40.1023" id="314" ><![CDATA[ McGraw-Hill]]></word>
<word x ="127.865" width="32.998" id="315" ><![CDATA[ Education.]]></word>
<word x ="163.026" width="95.5353" id="316" ><![CDATA[ (border)Apis/Abramis/Alamy;]]></word>
<word x ="260.725" width="33.8786" id="317" ><![CDATA[ (bc)Steven]]></word>
<word x ="296.766" width="5.467" id="318" ><![CDATA[ P.]]></word>
<word x ="304.396" width="19.201" id="319" ><![CDATA[ Lynch]]></word>
</line>
</para>
<para id="114">
<line y ="754.245" id="214" height="19.5">
<word x ="538.815" width="14.415" id="320" ><![CDATA[ 17]]></word>
</line>
</para>
</page>
</pages>