<?xml version="1.0"  encoding="UTF-8"?>
<icons>	
	<icon id="1" name="Images" toolTip="Images" url="assets/images/markupicons/image-big-up.swf" isFlexible="true"/>
	<icon id="2" name="Video" toolTip="Video" url="assets/images/markupicons/video-big-up.swf" isFlexible="true"/>
	<icon id="3" name="Audio" toolTip="Audio" url="assets/images/markupicons/soundclip-big-up.swf" isFlexible="true"/>
	<icon id="4" name="Animations" toolTip="Animations" url="assets/images/markupicons/animation-big-up.swf" isFlexible="true"/>
	<icon id="7" name="Audiosync" toolTip="Audiosync" url="assets/images/markupicons/textaudio-big-up.swf" isFlexible="true"/>
	<icon id="8" name="HTML" toolTip="HTML" url="assets/images/markupicons/html.swf" isFlexible="true"/>
	<icon id="9" name="Documents" toolTip="Documents" url="assets/images/markupicons/doc-big-up.swf" isFlexible="true"/>
	<icon id="16" name="Glossary" toolTip="Glossary" url="assets/images/markupicons/transparent.swf" isFlexible="true"/>
	<icon id="17" name="Internal" toolTip="Internal" url="assets/images/markupicons/internallink-big-up.swf" isFlexible="true"/>
	<icon id="18" name="Instructor" toolTip="Instructor" url="assets/images/markupicons/open_twe_gen.swf" isFlexible="true"/>
	<icon id="20" name="Audio_icon_sp" toolTip="Audio_icon_sp" url="assets/images/markupicons/esp_audio.swf" isFlexible="true"/>
	<icon id="101" name="check" toolTip="check" url="assets/images/markupicons/check.swf" isFlexible="true"/>
	<icon id="102" name="ehelp" toolTip="ehelp" url="assets/images/markupicons/ehelp.swf" isFlexible="true"/>
	<icon id="103" name="tool" toolTip="tool" url="assets/images/markupicons/tool.swf" isFlexible="true"/>
	<icon id="104" name="tutor" toolTip="tutor" url="assets/images/markupicons/tutor.swf" isFlexible="true"/>
	<icon id="105" name="vocab" toolTip="vocab" url="assets/images/markupicons/vocab.swf" isFlexible="true"/>
	<icon id="106" name="vocab_01" toolTip="vocab_01" url="assets/images/markupicons/vocab_01.swf" isFlexible="true"/>
	<icon id="107" name="watch" toolTip="watch" url="assets/images/markupicons/watch.swf" isFlexible="true"/>
	<icon id="108" name="Web Links" toolTip="Web Links" url="assets/images/markupicons/weblink.swf" isFlexible="true"/>
	<icon id="109" name="dockCheck" toolTip="Web Links" url="assets/images/markupicons/dockCheck.swf" isFlexible="true"/>
	<icon id="110" name="dockeHelp" toolTip="Web Links" url="assets/images/markupicons/dockeHelp.swf" isFlexible="true"/>
	<icon id="111" name="dockMasters" toolTip="Web Links" url="assets/images/markupicons/dockMasters.swf" isFlexible="true"/>
	<icon id="112" name="dockMore" toolTip="Web Links" url="assets/images/markupicons/dockMore.swf" isFlexible="true"/>
	<icon id="113" name="dockTools" toolTip="Web Links" url="assets/images/markupicons/dockTools.swf" isFlexible="true"/>
	<icon id="114" name="dockTutor" toolTip="Web Links" url="assets/images/markupicons/dockTutor.swf" isFlexible="true"/>
	<icon id="115" name="dockVocabulary" toolTip="Web Links" url="assets/images/markupicons/dockVocabulary.swf" isFlexible="true"/>
	<icon id="116" name="dockWatch" toolTip="Web Links" url="assets/images/markupicons/dockWatch.swf" isFlexible="true"/>
	<icon id="29" name="No Icon" type="Flexi" toolTip="No Icon" url="assets/images/markupicons/flexibleicon.swf" isFlexible="true" />
	<icon id="31" name="green Icon" toolTip="Green Icon" url="assets/images/markupicons/green_box.swf" isFlexible="true" /> 
	
	<!-- Aditya added 2 new Icons for Music eBooks-->
	<icon id="3" name="Audio1" toolTip="Audio" url="assets/images/markupicons/audio-icon-1.swf" isFlexible="true"/>
	<icon id="3" name="Audio12" toolTip="Audio" url="assets/images/markupicons/audio-icon-2.swf" isFlexible="true"/>
			
</icons>