<?xml version="1.0" encoding="UTF-8"?>
<pages>
	<page id="1">
		<ilinks id="123">
			<ilink url="assets/swf/chapter0/page_1.swf">
				<link>
					<id>25</id>
					<folioNumber>1</folioNumber>
					<type>Documents</type>
					<box>10;10;100;100</box>
					<alpha>100</alpha>
					<url>http://www.google.com</url>
					<groupName>B4007A08-ECD2-E34A-C24A-2AECC76FB223</groupName> <!--Same Group Name for Multilink-->
					<properties showbgcolor = "true" />
					<layer/>
					<iconUrl>assets/images/doc-big-up.swf</iconUrl>
					<tooltip>HTML123</tooltip>
					<x/>
					<y/>
				</link>
				<link>
					<id>25</id>
					<folioNumber>1</folioNumber>
					<type>Documents</type>
					<box>10;610;100;100</box>
					<alpha>100</alpha>
					<url>http://connected.mcgraw-hill.com/ext/F4HKLLF9FK50BH@98ZY5NJMasa;assets/resources/documents/100.2_interactive_table.html</url>
					<groupName>B4007A08-ECD2-E34A-C24A-2AECC76FB223</groupName> <!--Same Group Name for Multilink-->
					<properties showbgcolor = "true" />
					<layer/>
					<iconUrl>assets/images/doc-big-up.swf</iconUrl>
					<tooltip>HTML</tooltip>
					<x/>
					<y/>
				</link>
			</ilink>		
			<ilink url="assets/swf/chapter0/page_2.swf">
				<link>
					<id>24</id>
					<folioNumber>1</folioNumber>
					<type>Animations</type>
					<box>35;84;458;145</box>
					<alpha>100</alpha>
					<url>http://connected.mcgraw-hill.com/ext/F4HKLLF9FK50BH@98ZY5NJMasa;assets/resources/activities/100.2_interactive_table.swf</url>
					<groupName>B4007A08-ECD2-E34A-C24A-2AECC76FB223</groupName><properties/><layer/>
					<iconUrl>assets/images/animation-big-up.swf</iconUrl>
					<tooltip>SWF</tooltip>
					<x/>
					<y/>
				</link>
			</ilink>
		</ilinks>
		<ilinks id="234">
			<ilink url="assets/swf/chapter0/page_3.swf">
				<link>
					<id>25</id>
					<folioNumber>1</folioNumber>
					<type>Documents</type>
					<box>35;84;458;145</box>
					<alpha>100</alpha>
					<url>http://connected.mcgraw-hill.com/ext/F4HKLLF9FK50BH@98ZY5NJMasa;assets/resources/documents/100.2_interactive_table.html</url>
					<groupName>B4007A08-ECD2-E34A-C24A-2AECC76FB223</groupName>
					<properties/>
					<layer/>
					<iconUrl>assets/images/doc-big-up.swf</iconUrl>
					<tooltip>HTML</tooltip>
					<x/>
					<y/>
				</link>
				<link></link>
				<link></link>
			</ilink>		
			<ilink url="assets/swf/chapter0/page_4.swf">
				<link></link>
				<link></link>
				<link></link>
			</ilink>
		</ilinks>
	</page>
	<page id="2">
		<ilinks id="">
			<ilink url="assets/activities/page_1.swf">
				<link></link>
				<link></link>
				<link></link>
			</ilink>		
			<ilink url="assets/activities/page_2.swf">
				<link></link>
				<link></link>
				<link></link>
			</ilink>
		</ilinks>
	</page>
</pages>