<standardtracker>
	<standards>
		<standard id="S8.A.1.1.1" name="Distinguish between a scientific theory and an opinion, explaining how a theory is supported with evidence, or how new data/information may change existing theories and practices." lessonid="Lesson NOS-1$$NOS8,Lesson NOS-1$$NOS11" />
		<standard id="S8.A.1.1.2" name="Explain how certain questions can be answered through scientific inquiry and/or technological design." lessonid="Lesson NOS-1$$NOS5,Lesson NOS-1$$NOS11" />
		<standard id="S8.A.1.1.3" name="Use evidence, such as observations or experimental results, to support inferences about a relationship." lessonid="Lesson NOS-1$$NOS7,Lesson NOS-2$$NOS19,Lesson NOS-3$$NOS26,Lesson NOS-3$$NOS29,Lesson 2-2$$57,Lesson 2-3$$59,Lesson 2-3$$65,Lesson 3-2$$87,Lesson 3-2$$97,Lesson 4-1$$107,Lesson 4-2$$118,Lesson 4-2$$123,Lesson 5-2$$159,Chapter 6$$187,Lesson 6-2$$199,Lesson 6-2$$202,Lesson 7-1$$217,Lesson 7-1$$221,Lesson 7-2$$226,Lesson 8-1$$246,Lesson 8-2$$253,Lesson 8-3$$265,Lesson 9-1$$281,Lesson 9-1$$284,Lesson 9-2$$291,Lesson 10-1$$323,Lesson 10-2$$325,Lesson 10-2$$326,Lesson 10-3$$335,Unit 3$$349,Lesson 11-2$$367,Lesson 12-2$$407,Lesson 13-2$$433,Lesson 15-1$$487" />
		<standard id="S8.A.1.1.4" name="Develop descriptions, explanations, predictions, and models using evidence." lessonid="Lesson NOS-3$$NOS29,Lesson 2-1$$47,Lesson 2-3$$65,Lesson 3-1$$82,Lesson 3-2$$87,Lesson 3-2$$89,Lesson 4-1$$107,Lesson 4-1$$110,Lesson 4-2$$115,Lesson 4-3$$125,Lesson 4-3$$128,Lesson 4-3$$133,Lesson 5-1$$147,Lesson 5-2$$153,Lesson 5-2$$159,Lesson 5-4$$169,Lesson 5-4$$175,Lesson 7-2$$229,Lesson 7-2$$233,Lesson 8-2$$257,Lesson 8-2$$259,Lesson 8-3$$261,Lesson 8-3$$268,Lesson 9-1$$285,Lesson 9-2$$287,Lesson 9-3$$301,Lesson 9-3$$305,Lesson 10-1$$318,Lesson 10-3$$339,Lesson 11-1$$358,Lesson 11-2$$370,Lesson 11-2$$375,Lesson 12-1$$385,Lesson 12-2$$403,Lesson 13-1$$421,Lesson 13-1$$427,Lesson 13-2$$437,Lesson 14-1$$456,Lesson 14-3$$477,Lesson 15-2$$495,Lesson 15-2$$499" />
		<standard id="S8.A.1.2.1" name="Describe the positive and negative intended and unintended effects of specific scientific results or technological developments (e.g, air/space travel, genetic engineering, nuclear fission/fusion, artificial intelligence, lasers, organ transplants)." lessonid="Lesson 5-1$$146,Lesson 5-1$$147,Lesson 5-1$$148,Lesson 5-1$$150,Lesson 5-2$$152,Lesson 5-2$$155,Lesson 5-2$$156,Lesson 5-3$$164,Lesson 5-4$$170,Unit 3$$348,Lesson 13-2$$435,Lesson 14-2$$468,Lesson 15-2$$504" />
		<standard id="S8.A.1.2.2" name="Identify environmental issues and explain their potential long-term health effects (e.g., pollution, pest controls, vaccinations)." lessonid="Lesson 5-1$$146,Lesson 5-1$$150,Lesson 5-3$$164,Lesson 5-4$$170,Lesson 7-1$$224,Lesson 10-2$$327,Lesson 14-2$$468" />
		<standard id="S8.A.1.2.3" name="Describe fundamental scientific or technological concepts that could solve practical problems  (e.g., Newton's laws of motion, Mendelian genetics)." lessonid="Lesson 3-1$$85,Lesson 5-2$$153,Lesson 5-2$$154,Lesson 5-2$$155,Lesson 5-3$$167,Lesson 11-1$$365,Lesson 15-2$$494,Lesson 15-2$$497,Lesson 15-2$$502,Lesson 15-2$$504,Lesson 15-3$$505,Lesson 15-3$$511,Lesson 15-3$$514" />
		<standard id="S8.A.1.2.4" name="Explain society's standard of living in terms of technological advancements and their impact on agriculture (e.g., transportation, processing, production, storage)." lessonid="Lesson 5-3$$160,Lesson 5-3$$162,Lesson 5-3$$164,Lesson 5-3$$167,Lesson 5-4$$168,Lesson 5-4$$170,Lesson 7-2$$228" />
		<standard id="S8.A.1.3.1" name="Use ratio to describe change (e.g., percents, parts per million, grams per cubic centimeter, mechanical advantage)." lessonid="Lesson 3-2$$90,Lesson 3-2$$95,Chapter 3$$101,Lesson 4-1$$111,Lesson 4-1$$112,Chapter 4$$137,Lesson 5-3$$162,Lesson 5-4$$172,Lesson 5-4$$173,Chapter 5$$179,Lesson 9-3$$300,Lesson 9-3$$301,Lesson 9-3$$303,Chapter 9$$309,Lesson 10-1$$320,Lesson 10-1$$322,Chapter 10$$343,Lesson 12-1$$392,Lesson 12-1$$394,Lesson 12-1$$395,Chapter 12$$411,Lesson 13-2$$432,Lesson 13-2$$434,Chapter 13$$441,Lesson 14-3$$473,Lesson 14-3$$475,Chapter 14$$481,Lesson 15-2$$502,Chapter 15$$519" />
		<standard id="S8.A.1.3.2" name="Use evidence, observations, or explanations to make inferences about change in systems over time (e.g., carrying capacity, succession, population dynamics, loss of mass in chemical reactions, indicator fossils in geologic time scale) and the variables affecting these changes." lessonid="Lesson 2-3$$65,Lesson 3-2$$87,Lesson 3-2$$96,Lesson 4-3$$132,Lesson 5-1$$144,Lesson 9-3$$305,Lesson 10-1$$319,Lesson 10-1$$320,Lesson 10-1$$323,Lesson 10-2$$331,Lesson 10-3$$338,Chapter 12$$411,Lesson 13-1$$427,Lesson 13-2$$433,Lesson 13-2$$435,Lesson 14-2$$468,Lesson 15-2$$495,Lesson 15-2$$504" />
		<standard id="S8.A.1.3.3" name="Examine systems changing over time, identifying the possible variables causing this change, and drawing inferences about how these variables affect this change." lessonid="Unit 1$$4,Lesson 2-2$$52,Lesson 3-1$$84,Lesson 3-2$$90,Lesson 3-2$$92,Lesson 3-2$$96,Chapter 3$$101,Chapter 4$$104,Lesson 4-1$$110,Lesson 4-2$$117,Lesson 4-3$$127,Lesson 5-3$$164,Lesson 5-3$$167,Lesson 5-4$$170,Lesson 10-1$$323,Lesson 10-2$$327,Lesson 10-3$$338,Lesson 13-1$$427,Lesson 13-2$$431,Lesson 13-2$$435,Lesson 14-2$$468,Lesson 15-2$$497,Lesson 15-2$$504" />
		<standard id="S8.A.1.3.4" name="Given a scenario, explain how a dynamically changing environment provides for the sustainability of living systems." lessonid="Lesson 10-1$$321" />
		<standard id="S8.A.2.1.1" name="Use evidence, observations, or a variety of scales (e.g., mass, distance, volume, temperature) to describe relationships." lessonid="Lesson NOS-3$$NOS29,Lesson 1-1$$17,Lesson 1-2$$31,Lesson 2-2$$57,Lesson 2-3$$64,Lesson 4-2$$123,Lesson 5-4$$175,Lesson 6-2$$207,Lesson 7-1$$221,Lesson 7-2$$226,Lesson 7-2$$229,Lesson 8-3$$261,Lesson 8-3$$265,Lesson 9-1$$281,Lesson 9-2$$291,Lesson 9-3$$301,Lesson 10-1$$323,Lesson 10-2$$325,Lesson 10-2$$326,Lesson 10-3$$335,Lesson 10-3$$339,Lesson 12-1$$395,Lesson 12-2$$406,Lesson 13-1$$427,Lesson 13-2$$436,Lesson 15-3$$514" />
		<standard id="S8.A.2.1.2" name="Use space/time relationships, define concepts operationally, raise testable questions, or formulate hypotheses." lessonid="Lesson NOS-3$$NOS29,Lesson 2-3$$64,Lesson 7-2$$233,Lesson 9-1$$285,Lesson 10-3$$338,Lesson 11-2$$374,Lesson 12-2$$403,Lesson 12-2$$407,Lesson 13-1$$427,Lesson 13-2$$436,Lesson 15-3$$514" />
		<standard id="S8.A.2.1.3" name="Design a controlled experiment by specifying how the independent variables will be manipulated, how the dependent variable will be measured, and which variables will be held constant." lessonid="Chapter 7$$237,Lesson 9-1$$284" />
		<standard id="S8.A.2.1.4" name="Interpret data/observations; develop relationships among variables based on data/observations to design models as solutions." lessonid="Lesson NOS-2$$NOS19,Lesson NOS-3$$NOS29,Lesson 1-1$$17,Lesson 2-2$$57,Lesson 2-3$$65,Lesson 4-2$$123,Lesson 4-3$$132,Lesson 5-2$$159,Lesson 5-4$$174,Lesson 6-2$$207,Lesson 7-2$$233,Lesson 8-2$$259,Lesson 8-3$$269,Lesson 9-1$$285,Lesson 9-3$$305,Lesson 10-1$$323,Lesson 10-3$$339,Lesson 11-2$$375,Lesson 12-1$$395,Lesson 12-2$$407,Lesson 13-1$$427,Lesson 13-2$$437,Lesson 14-1$$456,Lesson 15-3$$515" />
		<standard id="S8.A.2.1.5" name="Use evidence from investigations to clearly communicate and support conclusions." lessonid="Lesson NOS-2$$NOS19,Lesson NOS-3$$NOS29,Lesson 1-2$$31,Lesson 2-2$$57,Lesson 2-3$$65,Lesson 4-3$$133,Lesson 5-4$$175,Lesson 6-2$$207,Lesson 7-2$$233,Lesson 8-2$$259,Lesson 8-3$$269,Lesson 9-3$$305,Lesson 10-3$$339,Lesson 11-2$$375,Lesson 12-2$$407,Lesson 13-1$$427,Lesson 13-2$$437,Lesson 14-1$$456,Lesson 14-3$$476,Lesson 15-3$$515" />
		<standard id="S8.A.2.1.6" name="Identify a design flaw in a simple technological system and devise possible working solutions." lessonid="Lesson 14-3$$477,Lesson 15-3$$515" />
		<standard id="S8.A.2.2.1" name="Describe the appropriate use of instruments and scales to accurately and safely measure time, mass, distance, volume, or temperature safely under a variety of conditions." lessonid="Lesson NOS-2$$NOS16,Lesson 6-2$$202" />
		<standard id="S8.A.2.2.2" name="Apply appropriate measurement systems (e.g., time, mass, distance, volume, temperature) to record and interpret observations under varying conditions." lessonid="Lesson NOS-2$$NOS19,Lesson 2-2$$57,Lesson 2-3$$64,Lesson 7-2$$226,Lesson 9-1$$285,Lesson 9-3$$301,Lesson 12-1$$388,Lesson 12-1$$389,Lesson 12-1$$395,Lesson 12-2$$403,Lesson 12-2$$406,Lesson 13-1$$427,Lesson 13-2$$436" />
		<standard id="S8.A.2.2.3" name="Describe ways technology (e.g., microscope, telescope, micrometer, hydraulics, barometer) extends and enhances human abilities for specific purposes." lessonid="Lesson NOS-1$$NOS8,Lesson NOS-2$$NOS18,Unit 1$$2,Lesson 4-1$$113,Lesson 6-2$$199,Unit 3$$348,Chapter 14$$444" />
		<standard id="S8.A.3.1.1" name="Describe a system (e.g., watershed, circulatory system, heating system, agricultural system) as a group of related parts with specific roles that work together to achieve an observed result." lessonid="Unit 1$$4,Lesson 2-1$$49,Lesson 3-2$$96,Lesson 5-1$$148,Lesson 5-2$$154,Lesson 5-2$$155,Lesson 5-4$$169,Lesson 6-1$$191,Lesson 8-1$$244,Lesson 10-1$$318,Lesson 10-3$$338,Lesson 13-2$$436,Lesson 15-2$$502" />
		<standard id="S8.A.3.1.2" name="Explain the concept of order in a system (e.g., first to last: manufacturing steps; trophic levels); (simple to complex:  cell, tissue, organ, organ system)." lessonid="Unit 1$$4,Lesson 6-1$$197,Lesson 9-1$$279,Lesson 15-1$$487,Lesson 15-2$$496,Lesson 15-2$$497" />
		<standard id="S8.A.3.1.3" name="Distinguish among system inputs, system processes, system outputs, and feedback (e.g., physical, ecological, biological, informational)." lessonid="Unit 1$$4,Lesson 3-2$$96,Lesson 5-1$$148,Lesson 5-4$$169,Lesson 8-1$$243,Lesson 8-3$$261,Lesson 10-3$$335,Lesson 10-3$$338,Lesson 15-2$$498" />
		<standard id="S8.A.3.1.4" name="Distinguish between open loop (e.g., energy flow, food web) and closed loop (e.g., materials in the nitrogen and carbon cycles, closed-switch) systems." lessonid="Lesson 3-2$$96,Lesson 5-1$$148,Lesson 5-2$$154,Lesson 5-2$$155,Lesson 8-3$$262,Lesson 10-3$$333,Lesson 10-3$$334,Lesson 10-3$$336,Lesson 13-2$$436,Lesson 15-2$$497" />
		<standard id="S8.A.3.1.5" name="Explain how components of natural and human-made systems play different roles in a working system." lessonid="Unit 1$$4,Lesson 3-2$$96,Lesson 5-3$$167,Lesson 5-4$$169,Lesson 6-1$$193,Lesson 7-2$$232,Lesson 10-1$$314,Lesson 10-1$$318,Lesson 10-2$$324,Lesson 10-3$$338" />
		<standard id="S8.A.3.2.1" name="Describe how scientists use models to explore relationships in natural systems (e.g., an ecosystem, river system, the solar system)." lessonid="Lesson 2-2$$51,Lesson 2-3$$64,Lesson 3-2$$94,Lesson 4-2$$118,Lesson 6-2$$200,Lesson 6-2$$201,Lesson 8-3$$268,Lesson 10-1$$318,Lesson 10-3$$335,Lesson 10-3$$338" />
		<standard id="S8.A.3.2.2" name="Describe how engineers use models to develop new and improved technologies to solve problems." lessonid="Lesson 13-2$$436" />
		<standard id="S8.A.3.2.3" name="Given a model showing simple cause-and-effect relationships in a natural system, predict results that can be used to test the assumptions in the model (e.g., photosynthesis, water cycle, diffusion, infiltration)." lessonid="Lesson 2-3$$65,Lesson 3-2$$87,Lesson 3-2$$89,Lesson 3-2$$96,Lesson 4-2$$118,Lesson 7-1$$224,Lesson 7-2$$232,Lesson 10-2$$326,Lesson 10-3$$335,Lesson 10-3$$338" />
		
		<standard id="S8.A.3.3.1" name="Identify and describe patterns as repeated processes or recurring Identify and describe patterns as repeated processes or recurring Identify and describe patterns as repeated processes or recurring Identify and describe patterns as repeated processes or recurring Identify and describe patterns as repeated processes or recurring Identify and describe patterns as repeated processes or recurring elements in human-made systems (e.g., trusses, hub-and-spoke system in communications and transportation systems feedback controls in regulated systems)." lessonid="Unit 2$$184,Lesson 2-3$$65,Lesson 3-2$$87,Lesson 3-2$$89" />
		<standard id="S8.A.3.3.2" name="Describe repeating structure patterns in nature (e.g., veins in a leaf, tree rings, crystals, water waves) or periodic patterns (e.g., daily, monthly, annually)." lessonid="Lesson 2-1$$43,Lesson 2-1$$45,Lesson 2-1$$46,Lesson 2-3$$64,Unit 2$$184,Unit 2$$185,Lesson 7-1$$219,Lesson 8-2$$255,Lesson 8-2$$256,Lesson 11-1$$354,Lesson 14-1$$449,Lesson 14-1$$450" />
		<standard id="S8.B.1.1.1" name="Describe the structures of living things that help them function affectively in specific ways (e.g., adaptations and characteristics)." lessonid="Lesson 7-2$$225,Lesson 7-2$$226,Lesson 7-2$$228,Lesson 7-2$$230,Chapter 8$$240,Lesson 8-1$$244,Lesson 8-2$$254,Lesson 8-2$$259,Lesson 8-3$$260,Lesson 8-3$$264,Lesson 8-3$$268,Lesson 9-1$$279,Lesson 9-1$$282,Lesson 9-1$$285,Lesson 9-3$$296,Lesson 9-3$$304" />
		<standard id="S8.B.1.1.2" name="Compare similarities or differences in internal structures of organisms  (e.g.,  invertebrate/vertebrate,  vascular/nonvascular,  single-celled/multi-celled) and external structures  (e.g.,  appendages,  body segments,  type of covering,  size,  shape)." lessonid="Lesson 6-2$$200,Lesson 6-2$$201,Lesson 8-1$$242,Lesson 8-1$$244,Lesson 8-1$$245,Lesson 8-1$$246,Lesson 8-1$$247,Lesson 8-1$$248,Lesson 8-3$$269,Chapter 9$$276,Lesson 9-1$$279,Lesson 9-1$$280,Lesson 9-1$$281,Lesson 9-2$$287,Lesson 9-2$$289,Lesson 9-2$$291,Lesson 9-2$$294,Lesson 9-3$$296,Lesson 9-3$$301" />
		<standard id="S8.B.1.1.3" name="Apply knowledge of characteristic structures to identify or categorize organisms (i.e., plants, animals, fungi, bacteria, and protista)." lessonid="Chapter 6$$186,Lesson 6-1$$190,Lesson 6-1$$194,Lesson 6-1$$195,Lesson 6-1$$197,Lesson 6-2$$206,Lesson 8-1$$246,Lesson 8-1$$248,Chapter 9$$276,Lesson 9-1$$278,Lesson 9-1$$280,Lesson 9-1$$281,Lesson 9-3$$297,Lesson 9-3$$298,Chapter 9$$309" />
		<standard id="S8.B.1.1.4" name="Identify the levels of organization from cell to organism and describe how specific structures (parts), which underlie larger systems, enable the system to function as a whole." lessonid="Lesson 6-2$$198,Lesson 6-2$$199,Lesson 6-2$$200,Lesson 6-2$$201,Lesson 6-2$$202,Lesson 6-2$$203,Chapter 6$$211,Chapter 8$$240,Lesson 8-1$$244,Lesson 8-1$$245,Lesson 8-2$$254,Lesson 8-2$$255,Lesson 8-2$$256,Lesson 8-2$$259,Lesson 8-3$$264,Lesson 8-3$$268,Lesson 9-1$$281,Lesson 9-3$$297" />
		<standard id="S8.B.2.1.1" name="Explain how inherited structures or behaviors help organisms survive and reproduce in different environments." lessonid="Chapter 7$$214,Lesson 7-2$$225,Lesson 7-2$$228,Lesson 7-2$$229,Lesson 7-2$$230,Lesson 7-2$$231,Lesson 9-3$$304" />
		<standard id="S8.B.2.1.2" name="Explain how different adaptations in individuals of the same species may affect survivability or reproduction success." lessonid="Lesson 7-2$$226,Lesson 7-2$$227,Lesson 7-2$$230,Lesson 7-2$$232,Chapter 7$$237,Lesson 9-3$$304" />
		<standard id="S8.B.2.1.3" name="Explain that mutations can alter a gene and are the original source of new variations." lessonid="Lesson 7-1$$216,Lesson 7-1$$222,Lesson 7-2$$226,Lesson 7-2$$231,Chapter 7$$237" />
		<standard id="S8.B.2.1.4" name="Describe how selective breeding or biotechnology can change the genetic makeup of organisms." lessonid="Lesson 7-2$$228,Lesson 7-2$$231" />
		<standard id="S8.B.2.1.5" name="Explain that adaptations are developed over long periods of time and are passed from one generation to another." lessonid="Chapter 7$$214,Lesson 7-2$$232" />
		<standard id="S8.B.2.2.1" name="Identify and explain differences between inherited and acquired traits." lessonid="Lesson 7-1$$217,Lesson 7-1$$220,Lesson 7-1$$221,Lesson 7-1$$223,Chapter 7$$237" />
		<standard id="S8.B.2.2.2" name="Recognize that the gene is the basic unit of inheritance, that there are dominant and recessive genes, that traits are inherited." lessonid="Lesson 7-1$$218,Lesson 7-1$$219" />
		<standard id="S8.B.3.1.1" name="Explain the flow of energy through an ecosystem (e.g., food chains, food webs)." lessonid="Lesson 7-2$$332,Lesson 10-3$$333,Lesson 10-3$$334,Lesson 10-3$$335,Lesson 10-3$$336,Lesson 10-3$$337,Lesson 10-3$$338,Chapter 10$$343" />
		<standard id="S8.B.3.1.2" name="Identify major biomes and describe abiotic and biotic components (e.g., abiotic: different soil types, air, water, sunlight; biotic: soil microbes, decomposers)." lessonid="Chapter 10$$312,Lesson 10-1$$316,Lesson 10-1$$317,Lesson 10-1$$318,Lesson 10-3$$338,Chapter 10$$343" />
		<standard id="S8.B.3.1.3" name="Explain relationships among organisms (e.g., producers/consumers, predator/prey, in an ecosystem)." lessonid="Lesson 7-2$$229,Chapter 10$$312,Lesson 10-1$$323,Lesson 10-2$$324,Lesson 10-2$$325,Lesson 10-2$$328,Lesson 10-2$$329,Lesson 10-2$$330,Lesson 10-3$$334,Lesson 10-3$$335,Lesson 10-3$$337,Chapter 10$$343" />
		<standard id="S8.B.3.2.1 " name="Use evidence to explain factors that affect changes in populations (e.g., deforestation, disease, land use, natural disaster, invasive species)." lessonid="Lesson 5-2$$156,Lesson 5-3$$162,Lesson 7-1$$224,Lesson 8-1$$251,Lesson 10-1$$320,Lesson 10-1$$321,Lesson 10-1$$323,Lesson 10-2$$328,Chapter 10$$343" />
		<standard id="S8.B.3.2.2" name="Use evidence to explain how diversity affects the ecological integrity of natural systems." lessonid="Lesson 7-1$$222,Lesson 7-2$$225,Lesson 7-2$$226,Lesson 7-2$$227,Lesson 7-2$$228,Lesson 7-2$$231,Chapter 7$$237,Lesson 9-1$$282" />
		<standard id="S8.B.3.2.3" name="Describe the response of organisms to environmental changes (e.g., changes in climate, hibernation, migration, coloration) and how those changes affect survival." lessonid="Lesson 7-1$$220,Lesson 7-1$$221,Lesson 7-2$$227,Lesson 7-2$$231,Lesson 7-2$$232,Chapter 7$$237,Lesson 8-3$$261,Lesson 8-3$$265,Lesson 8-3$$266" />
		<standard id="S8.B.3.3.1" name="Explain how human activities may affect local, regional, and global environments." lessonid="Lesson 5-1$$142,Lesson 5-1$$146,Lesson 5-1$$150,Lesson 5-2$$152,Lesson 5-2$$156,Lesson 5-3$$160,Lesson 5-3$$162,Lesson 5-3$$164,Lesson 5-3$$167,Lesson 5-4$$171,Lesson 5-4$$174,Lesson 7-1$$224,Chapter 10$$312,Lesson 10-2$$328,Lesson 10-2$$331,Chapter 10$$343,Lesson 13-2$$435,Lesson 14-2$$468" />
		<standard id="S8.B.3.3.2" name="Explain how renewable and nonrenewable resources provide for human needs (i.e., energy, food, water, clothing, and shelter)." lessonid="Chapter 5$$140,Lesson 5-1$$143,Lesson 5-1$$147,Lesson 5-1$$149,Lesson 5-2$$152,Lesson 5-2$$153,Lesson 5-2$$154,Lesson 5-2$$155,Lesson 5-2$$157,Lesson 5-3$$160,Lesson 5-3$$161,Lesson 5-3$$163,Lesson 5-4$$170,Lesson 13-2$$435" />
		<standard id="S8.B.3.3.3" name="Describe how waste management affects the environment (e.g., recycling, composting, landfills, incineration, sewage treatment)." lessonid="Lesson 5-2$$155,Lesson 5-3$$165,Lesson 7-1$$224" />
		<standard id="S8.B.3.3.4" name="Explain the long-term effects of using integrated pest management (e.g., herbicides, natural predators, biogenetics) on the environment." lessonid="Lesson 5-3$$164,Lesson 7-1$$224" />
		<standard id="S8.C.1.1.1" name="Explain the differences among elements, compounds, and mixtures." lessonid="Lesson 11-1$$354,Lesson 11-1$$355,Lesson 11-1$$356,Lesson 11-1$$357,Lesson 11-1$$358,Lesson 11-1$$359,Lesson 11-1$$360,Lesson 11-1$$361,Lesson 11-1$$363,Lesson 11-1$$364,Lesson 11-2$$370,Lesson 11-2$$371,Chapter 11$$379" />
		<standard id="S8.C.1.1.2" name="Use characteristic physical or chemical properties to distinguish one substance from another (e.g., density, thermal expansion/contraction, freezing/melting points, streak test)." lessonid="Lesson 3-1$$81,Lesson 3-1$$82,Lesson 11-1$$358,Lesson 11-1$$362,Lesson 11-1$$365,Chapter 11$$379,Lesson 12-1$$389,Lesson 12-1$$390,Lesson 12-1$$392,Lesson 12-2$$406" />
		<standard id="S8.C.1.1.3" name="Identify and describe reactants and products of simple chemical reactions." lessonid="Lesson 12-2$$405" />
		<standard id="S8.C.2.1.1" name="Distinguish among forms of energy (e.g., electrical, mechanical, chemical, light, sound, nuclear) and sources of energy (i.e., renewable and nonrenewable energy)." lessonid="Lesson 5-1$$143,Lesson 5-1$$144,Lesson 5-1$$145,Lesson 5-1$$147,Lesson 5-2$$153,Unit 4$$414,Chapter 13$$418,Lesson 13-1$$422,Lesson 13-1$$425,Lesson 13-2$$436,Lesson 15-2$$498" />
		<standard id="S8.C.2.1.2" name="Explain how energy is transferred from one place to another through convection, conduction, or radiation." lessonid="Lesson 4-1$$107,Lesson 4-1$$111,Chapter 4$$139" />
		<standard id="S8.C.2.1.3" name="Describe how one form of energy (e.g., electrical, mechanical, chemical, light, sound, nuclear) can be converted into a different form of energy." lessonid="Lesson 5-1$$148,Lesson 5-1$$150,Lesson 5-2$$152,Lesson 5-2$$154,Lesson 5-2$$155,Chapter 13$$418,Lesson 13-2$$428,Lesson 13-2$$429,Lesson 13-2$$432,Lesson 13-2$$433,Lesson 13-2$$436,Chapter 13$$441,Lesson 15-2$$497,Lesson 15-2$$499,Lesson 15-2$$502" />
		<standard id="S8.C.2.2.1" name="Describe the sun as a major source of energy that impacts on the environment." lessonid="Lesson 3-2$$87,Lesson 3-2$$88,Lesson 5-2$$152,Lesson 5-2$$153,Lesson 8-3$$261,Lesson 10-1$$316,Chapter 13$$418,Lesson 13-1$$421,Lesson 13-2$$432" />
		<standard id="S8.C.2.2.2" name="Compare the time spans of renewability for fossil fuels and alternative fuels." lessonid="Lesson 5-1$$144,Lesson 5-2$$156" />
		<standard id="S8.C.2.2.3" name="Describe the waste (i.e., kind and quantity) derived from the use of renewable and nonrenewable resources and their potential impact on the environment." lessonid="Lesson 5-1$$146,Lesson 5-1$$147,Lesson 5-2$$156,Lesson 5-3$$164,Lesson 5-4$$170,Lesson 13-2$$435" />
		<standard id="S8.C.3.1.1" name="Describe forces acting on objects (e.g., friction, gravity, balanced versus unbalanced)." lessonid="Unit 1$$5,Lesson 2-1$$41,Lesson 2-1$$44,Lesson 2-2$$51,Lesson 4-3$$128,Lesson 8-3$$266,Lesson 13-1$$423,Lesson 13-1$$427,Lesson 13-2$$431,Chapter 13$$441,Lesson 15-1$$491,Lesson 15-3$$505,Lesson 15-3$$507" />
		<standard id="S8.C.3.1.2" name="Distinguish between kinetic and potential energy." lessonid="Lesson 13-1$$422,Lesson 13-1$$423,Lesson 13-1$$424,Lesson 13-1$$427,Lesson 13-2$$430,Chapter 13$$442" />
		<standard id="S8.C.3.1.3" name="Explain that mechanical advantage helps to do work (physics) by either changing a force or changing the direction of the applied force (e.g., simple machines, hydraulic systems)." lessonid="Chapter 13$$441" />
		<standard id="S8.D.1.1.1" name="Explain the rock cycle as changes in the solid earth and rock types (igneous &#8211; granite, basalt, obsidian, pumice; sedimentary &#8211; limestone, sandstone, shale, coal; and metamorphic &#8211; slate, quartzite, marble, gneiss)." lessonid="Lesson 3-1$$81,Lesson 3-1$$82,Lesson 3-2$$92,Lesson 3-2$$95,Chapter 3$$103" />
		<standard id="S8.D.1.1.2" name="Describe natural processes that change Earth's surface (e.g., landslides, volcanic eruptions, earthquakes, mountain building, new land being formed, weathering, erosion, sedimentation, soil formation)." lessonid="Lesson 3-2$$92,Chapter 4$$104,Lesson 4-2$$114,Lesson 4-2$$115,Lesson 4-2$$117,Lesson 4-2$$119,Lesson 4-3$$124,Lesson 4-3$$125,Lesson 4-3$$126,Lesson 4-3$$127,Lesson 4-3$$128,Lesson 4-3$$130,Lesson 4-3$$132,Chapter 4$$137" />
		<standard id="S8.D.1.1.3" name="devesh Identify soil types (i.e., humus, topsoil, subsoil, loam, loess, and parent material) and their characteristics (i.e., particle size, porosity, and permeability) found in different biomes and in Pennsylvania, and explain how they formed." lessonid="Lesson 10-1$$317" />
		<standard id="S8.D.1.2.1" name="Describe a product's transformation process from production to consumption (e.g., prospecting, propagating, growing, maintaining, adapting, treating, converting, distributing, disposing) and explain the process's potential impacts on Earth's resources." lessonid="Unit 1$$4,Unit 1$$5,Lesson 5-1$$146,Lesson 5-1$$147,Lesson 5-1$$148,Chapter 5$$181,Lesson 11-1$$365" />
		<standard id="S8.D.1.2.2" name="Describe potential impacts of human-made processes (e.g., manufacturing, agriculture, transportation, mining) on Earth's resources, both nonliving (i.e., air, water, or earth materials) and living (i.e., plants and animals)." lessonid="Unit 1$$5,Lesson 5-1$$142,Lesson 5-1$$146,Lesson 5-1$$147,Lesson 5-1$$150,Lesson 5-2$$154,Lesson 5-2$$156,Lesson 5-3$$162,Lesson 5-3$$164,Lesson 5-4$$170,Lesson 10-2$$328,Lesson 13-2$$435" />
		<standard id="S8.D.1.3.1" name="Describe the water cycle and the physical processes on which it depends (i.e., evaporation, condensation, precipitation, transpiration, runoff, infiltration, energy inputs, and phase changes)." lessonid="Lesson 3-1$$80,Lesson 3-2$$86,Lesson 3-2$$87,Lesson 3-2$$88,Lesson 3-2$$89,Chapter 3$$101" />
		<standard id="S8.D.1.3.2" name="Compare and contrast characteristics of freshwater and saltwater systems on the basis of their physical characteristics (i.e., composition, density, and electrical conductivity) and their use as natural resources." lessonid="Lesson 3-1$$76,Lesson 3-1$$79,Lesson 3-1$$85" />
		<standard id="S8.D.1.3.3" name="Distinguish among different water systems (e.g., wetland systems, ocean systems, river systems, watersheds) and describe their relationships to each other as well as to landforms." lessonid="Lesson 3-1$$76,Chapter 3$$101,Lesson 10-2$$331" />
		<standard id="S8.D.1.3.4" name="Identify the physical characteristics of a stream and how these characteristics determine the types of organisms found within the stream environment (e.g., biological diversity, water quality, flow rate, tributaries, surrounding watershed)." lessonid="Lesson 4-3$$131" />
		<standard id="S8.D.2.1.1" name="Explain the impact of water systems on the local weather or the climate of a region (e.g., lake effect snow, land/ocean breezes)." lessonid="Lesson 3-2$$90,Lesson 3-2$$91,Chapter 3$$103" />
		<standard id="S8.D.2.1.2" name="Identify how global patterns of atmospheric movement influence regional weather and climate." lessonid="Lesson 3-2$$90" />
		<standard id="S8.D.3.1.1" name="Describe patterns of earth's movements (i.e., rotation and revolution) in relation to the moon and sun (i.e., phases, eclipses, and tides)." lessonid="Lesson 3-2$$91,Chapter 2$$38,Lesson 2-1$$40,Lesson 2-1$$41,Lesson 2-1$$42,Lesson 2-1$$43,Lesson 2-1$$44,Lesson 2-1$$45,Lesson 2-1$$46,Lesson 2-1$$47,Lesson 2-1$$48,Lesson 2-3$$64,Chapter 2$$68,Chapter 2$$71" />
		<standard id="S8.D.3.1.2" name="Describe the role of gravity as the force that governs the movement of the solar system and universe." lessonid="Lesson 2-1$$41,Lesson 2-1$$44,Lesson 2-2$$51,Lesson 2-3$$64" />
		<standard id="S8.D.3.1.3" name="Compare and contrast characteristics of celestial bodies found in the solar system (e.g., moons, asteroids, comets, meteors, inner and outer planets)." lessonid="Chapter 2$$38,Lesson 2-1$$44,Lesson 2-1$$45,Lesson 2-2$$50,Lesson 2-2$$51,Lesson 2-2$$52,Lesson 2-2$$54,Lesson 2-2$$55,Lesson 2-2$$56,Lesson 2-2$$57,Lesson 2-3$$64,Chapter 2$$69,Chapter 2$$71" />
	</standards>

<lessons>
<lesson id="Unit 1" name="Exploring Earth" page="2,4,5" pagerange="1-2,4-5" standardid="S8.A.1.3.3,S8.A.2.2.3,S8.A.3.1.1,S8.A.3.1.2,S8.A.3.1.3,S8.A.3.1.5,S8.C.3.1.1,S8.D.1.2.1,S8.D.1.2.2" />
<lesson id="Unit 2" name="Exploring Life" page="184,185" pagerange="184-185" standardid="S8.A.3.3.1,S8.A.3.3.2" />
<lesson id="Unit 3" name="Understanding Matter" page="348,349" pagerange="348-349" standardid="S8.A.1.1.3,S8.A.1.2.1,S8.A.2.2.3" />
<lesson id="Unit 4" name="Understanding Energy" page="414" pagerange="414-415" standardid="S8.C.2.1.1" />
<lesson id="Chapter 2" name="Earth in Space" page="38,68,69,71" pagerange="68-69" standardid="S8.D.3.1.1,S8.D.3.1.3" />
<lesson id="Chapter 3" name="Our Planet&#8212;Earth" page="101,103" pagerange="101-103" standardid="S8.A.1.3.1,S8.A.1.3.3,S8.D.1.1.1,S8.D.1.3.1,S8.D.1.3.3,S8.D.2.1.1" />
<lesson id="Chapter 4" name="Earth's Dynamic Surface" page="104,137,139" pagerange="104-139" standardid="S8.A.1.3.1,S8.A.1.3.3,S8.C.2.1.2,S8.D.1.1.2" />
<lesson id="Chapter 5" name="Natural Resources" page="140,179,181" pagerange="140-181" standardid="S8.A.1.3.1,S8.B.3.3.2,S8.D.1.2.1" />
<lesson id="Chapter 6" name="Life's Classification and Structure" page="186,187,211" pagerange="186-211" standardid="S8.A.1.1.3,S8.B.1.1.3,S8.B.1.1.4" />
<lesson id="Chapter 7" name="Inheritance and Adaptations" page="214,237" pagerange="214-237" standardid="S8.A.2.1.3,S8.B.2.1.1,S8.B.2.1.2,S8.B.2.1.3,S8.B.2.1.5,S8.B.2.2.1,S8.B.3.2.2,S8.B.3.2.3" />
<lesson id="Chapter 8" name="Introduction to Plants" page="240" pagerange="240-241" standardid="S8.B.1.1.1,S8.B.1.1.4" />
<lesson id="Chapter 9" name="Introduction to Animals" page="276,309" pagerange="276-309" standardid="S8.A.1.3.1,S8.B.1.1.2,S8.B.1.1.3" />
<lesson id="Chapter 10" name="Interactions of Life" page="312,343" pagerange="312-343" standardid="S8.A.1.3.1,S8.B.3.1.1,S8.B.3.1.2,S8.B.3.1.3,S8.B.3.2.1 ,S8.B.3.3.1" />
<lesson id="Chapter 11" name="Matter and Atoms" page="379" pagerange="379-380" standardid="S8.C.1.1.1,S8.C.1.1.2" />
<lesson id="Chapter 12" name="Matter: Properties and Changes" page="411" pagerange="411-412" standardid="S8.A.1.3.1,S8.A.1.3.2" />
<lesson id="Chapter 13" name="Energy and Energy Transformations" page="418,441,442" pagerange="442-443" standardid="S8.A.1.3.1,S8.C.2.1.1,S8.C.2.1.3,S8.C.2.2.1,S8.C.3.1.1,S8.C.3.1.2,S8.C.3.1.3" />
<lesson id="Chapter 14" name="Waves, Light, and Sound" page="444,481" pagerange="444-481" standardid="S8.A.1.3.1,S8.A.2.2.3" />
<lesson id="Chapter 15" name="Electricity and Magnetism" page="519" pagerange="519-520" standardid="S8.A.1.3.1" />
<lesson id="Lesson NOS-1" name="Understanding Science" page="NOS11,NOS5,NOS7,NOS8" pagerange="NOS5-NOS6,NOS8-NOS10" standardid="S8.A.1.1.1,S8.A.1.1.2,S8.A.1.1.3,S8.A.2.2.3" />
<lesson id="Lesson NOS-2" name="Measurement and Scientific Tools" page="NOS16,NOS18,NOS19" pagerange="NOS16-NOS17" standardid="S8.A.1.1.3,S8.A.2.1.4,S8.A.2.1.5,S8.A.2.2.1,S8.A.2.2.2,S8.A.2.2.3" />
<lesson id="Lesson NOS-3" name="Case Study" page="NOS26,NOS29" pagerange="NOS26-NOS29" standardid="S8.A.1.1.3,S8.A.1.1.4,S8.A.2.1.1,S8.A.2.1.2,S8.A.2.1.4,S8.A.2.1.5" />
<lesson id="Lesson 1-1" name="Maps" page="17" pagerange="17-18" standardid="S8.A.2.1.1,S8.A.2.1.4" />
<lesson id="Lesson 1-2" name="Technology and Mapmaking" page="31" pagerange="31-32" standardid="S8.A.2.1.1,S8.A.2.1.5" />
<lesson id="Lesson 2-1" name="The Sun-Earth-Moon System" page="40,41,42,43,44,45,46,47,48,49" pagerange="41-42" standardid="S8.A.1.1.4,S8.A.3.1.1,S8.A.3.3.2,S8.C.3.1.1,S8.D.3.1.1,S8.D.3.1.2,S8.D.3.1.3" />
<lesson id="Lesson 2-2" name="The Solar System" page="50,51,52,54,55,56,57" pagerange="51-55,52-53" standardid="S8.A.1.1.3,S8.A.1.3.3,S8.A.2.1.1,S8.A.2.1.4,S8.A.2.1.5,S8.A.2.2.2,S8.A.3.2.1,S8.C.3.1.1,S8.D.3.1.2,S8.D.3.1.3" />
<lesson id="Lesson 2-3" name="Stars, Galaxies, and the Universe" page="59,64,65" pagerange="64-65" standardid="S8.A.1.1.3,S8.A.1.1.4,S8.A.1.3.2,S8.A.2.1.1,S8.A.2.1.2,S8.A.2.1.4,S8.A.2.1.5,S8.A.2.2.2,S8.A.3.2.1,S8.A.3.2.3,S8.A.3.3.2,S8.D.3.1.1,S8.D.3.1.2,S8.D.3.1.3" />
<lesson id="Lesson 3-1" name="Earth Systems" page="76,79,80,81,82,84,85" pagerange="76-85" standardid="S8.A.1.1.4,S8.A.1.2.3,S8.A.1.3.3,S8.C.1.1.2,S8.D.1.1.1,S8.D.1.3.1,S8.D.1.3.2,S8.D.1.3.3" />
<lesson id="Lesson 3-2" name="Interactions of Earth Systems" page="86,87,88,89,90,91,92,94,95,96,97" pagerange="87-89,90-93,92-93,96-97" standardid="S8.A.1.1.3,S8.A.1.1.4,S8.A.1.3.1,S8.A.1.3.2,S8.A.1.3.3,S8.A.3.1.1,S8.A.3.1.3,S8.A.3.1.4,S8.A.3.1.5,S8.A.3.2.1,S8.A.3.2.3,S8.C.2.2.1,S8.D.1.1.1,S8.D.1.1.2,S8.D.1.3.1,S8.D.2.1.1,S8.D.2.1.2,S8.D.3.1.1" />
<lesson id="Lesson 4-1" name="Earth's Moving Surface" page="107,110,111,112,113" pagerange="107-113" standardid="S8.A.1.1.3,S8.A.1.1.4,S8.A.1.3.1,S8.A.1.3.3,S8.A.2.2.3,S8.C.2.1.2" />
<lesson id="Lesson 4-2" name="Shaping Earth's Surface" page="114,115,117,118,119,123" pagerange="117-121" standardid="S8.A.1.1.3,S8.A.1.1.4,S8.A.1.3.3,S8.A.2.1.1,S8.A.2.1.4,S8.A.3.2.1,S8.A.3.2.3,S8.D.1.1.2" />
<lesson id="Lesson 4-3" name="Changing Earth's Surface" page="124,125,126,127,128,130,131,132,133" pagerange="125-130,132-133" standardid="S8.A.1.1.4,S8.A.1.3.2,S8.A.1.3.3,S8.A.2.1.4,S8.A.2.1.5,S8.C.3.1.1,S8.D.1.1.2,S8.D.1.3.4" />
<lesson id="Lesson 5-1" name="Energy Resources" page="142,143,144,145,146,147,148,149,150" pagerange="144-145,146-148,146-149,147-148,147-149" standardid="S8.A.1.1.4,S8.A.1.2.1,S8.A.1.2.2,S8.A.1.3.2,S8.A.3.1.1,S8.A.3.1.3,S8.A.3.1.4,S8.B.3.3.1,S8.B.3.3.2,S8.C.2.1.1,S8.C.2.1.3,S8.C.2.2.2,S8.C.2.2.3,S8.D.1.2.1,S8.D.1.2.2" />
<lesson id="Lesson 5-2" name="Renewable Energy Resources" page="152,153,154,155,156,157,159" pagerange="153-155,155-157,156-157" standardid="S8.A.1.1.3,S8.A.1.1.4,S8.A.1.2.1,S8.A.1.2.3,S8.A.2.1.4,S8.A.3.1.1,S8.A.3.1.4,S8.B.3.2.1 ,S8.B.3.3.1,S8.B.3.3.2,S8.B.3.3.3,S8.C.2.1.1,S8.C.2.1.3,S8.C.2.2.1,S8.C.2.2.2,S8.C.2.2.3,S8.D.1.2.2" />
<lesson id="Lesson 5-3" name="Land Resources" page="160,161,162,163,164,165,167" pagerange="160-167" standardid="S8.A.1.2.1,S8.A.1.2.2,S8.A.1.2.3,S8.A.1.2.4,S8.A.1.3.1,S8.A.1.3.3,S8.A.3.1.5,S8.B.3.2.1 ,S8.B.3.3.1,S8.B.3.3.2,S8.B.3.3.3,S8.B.3.3.4,S8.C.2.2.3,S8.D.1.2.2" />
<lesson id="Lesson 5-4" name="Air and Water Resources" page="168,169,170,171,172,173,174,175" pagerange="170-171,170-172,174-175" standardid="S8.A.1.1.4,S8.A.1.2.1,S8.A.1.2.2,S8.A.1.2.4,S8.A.1.3.1,S8.A.1.3.3,S8.A.2.1.1,S8.A.2.1.4,S8.A.2.1.5,S8.A.3.1.1,S8.A.3.1.3,S8.A.3.1.5,S8.B.3.3.1,S8.B.3.3.2,S8.C.2.2.3,S8.D.1.2.2" />
<lesson id="Lesson 6-1" name="Classifing Living Things" page="190,191,193,194,195,197" pagerange="190-192" standardid="S8.A.3.1.1,S8.A.3.1.2,S8.A.3.1.5,S8.B.1.1.3" />
<lesson id="Lesson 6-2" name="Cells" page="198,199,200,201,202,203,206,207" pagerange="200-204,206-207" standardid="S8.A.1.1.3,S8.A.2.1.1,S8.A.2.1.4,S8.A.2.1.5,S8.A.2.2.1,S8.A.2.2.3,S8.A.3.2.1,S8.B.1.1.2,S8.B.1.1.3,S8.B.1.1.4" />
<lesson id="Lesson 7-1" name="Inheritance and Traits" page="216,217,218,219,220,221,222,223,224" pagerange="216-224" standardid="S8.A.1.1.3,S8.A.1.2.2,S8.A.2.1.1,S8.A.3.2.3,S8.A.3.3.2,S8.B.2.1.3,S8.B.2.2.1,S8.B.2.2.2,S8.B.3.2.1 ,S8.B.3.2.2,S8.B.3.2.3,S8.B.3.3.1,S8.B.3.3.3,S8.B.3.3.4" />
<lesson id="Lesson 7-2" name="Adaptations in Species" page="225,226,227,228,229,230,231,232,233,332" pagerange="226-227,226-230,232-233,233-233" standardid="S8.A.1.1.3,S8.A.1.1.4,S8.A.1.2.4,S8.A.2.1.1,S8.A.2.1.2,S8.A.2.1.4,S8.A.2.1.5,S8.A.2.2.2,S8.A.3.1.5,S8.A.3.2.3,S8.B.1.1.1,S8.B.2.1.1,S8.B.2.1.2,S8.B.2.1.3,S8.B.2.1.4,S8.B.2.1.5,S8.B.3.1.1,S8.B.3.1.3,S8.B.3.2.2,S8.B.3.2.3" />
<lesson id="Lesson 8-1" name="Plant Diversity" page="242,243,244,245,246,247,248,251" pagerange="244-245,246-249" standardid="S8.A.1.1.3,S8.A.3.1.1,S8.A.3.1.3,S8.B.1.1.1,S8.B.1.1.2,S8.B.1.1.3,S8.B.1.1.4,S8.B.3.2.1 " />
<lesson id="Lesson 8-2" name="Plant Reproduction" page="253,254,255,256,257,259" pagerange="254-257" standardid="S8.A.1.1.3,S8.A.1.1.4,S8.A.2.1.4,S8.A.2.1.5,S8.A.3.3.2,S8.B.1.1.1,S8.B.1.1.4" />
<lesson id="Lesson 8-3" name="Plant Processes" page="260,261,262,264,265,266,268,269" pagerange="268-269" standardid="S8.A.1.1.3,S8.A.1.1.4,S8.A.2.1.1,S8.A.2.1.4,S8.A.2.1.5,S8.A.3.1.3,S8.A.3.1.4,S8.A.3.2.1,S8.B.1.1.1,S8.B.1.1.2,S8.B.1.1.4,S8.B.3.2.3,S8.C.2.2.1,S8.C.3.1.1" />
<lesson id="Lesson 9-1" name="What are animals?" page="278,279,280,281,282,284,285" pagerange="282-283" standardid="S8.A.1.1.3,S8.A.1.1.4,S8.A.2.1.1,S8.A.2.1.2,S8.A.2.1.3,S8.A.2.1.4,S8.A.2.2.2,S8.A.3.1.2,S8.B.1.1.1,S8.B.1.1.2,S8.B.1.1.3,S8.B.1.1.4,S8.B.3.2.2" />
<lesson id="Lesson 9-2" name="Invertebrates" page="287,289,291,294" pagerange="287-292" standardid="S8.A.1.1.3,S8.A.1.1.4,S8.A.2.1.1,S8.B.1.1.2" />
<lesson id="Lesson 9-3" name="Chordates" page="296,297,298,300,301,303,304,305" pagerange="296-298,296-302,297-302,304-305" standardid="S8.A.1.1.4,S8.A.1.3.1,S8.A.1.3.2,S8.A.2.1.1,S8.A.2.1.4,S8.A.2.1.5,S8.A.2.2.2,S8.B.1.1.1,S8.B.1.1.2,S8.B.1.1.3,S8.B.1.1.4,S8.B.2.1.1,S8.B.2.1.2" />
<lesson id="Lesson 10-1" name="Ecosystems" page="314,316,317,318,319,320,321,322,323" pagerange="319-321" standardid="S8.A.1.1.3,S8.A.1.1.4,S8.A.1.3.1,S8.A.1.3.2,S8.A.1.3.3,S8.A.1.3.4,S8.A.2.1.1,S8.A.2.1.4,S8.A.3.1.1,S8.A.3.1.5,S8.A.3.2.1,S8.B.3.1.2,S8.B.3.1.3,S8.B.3.2.1 ,S8.C.2.2.1,S8.D.1.1.3" />
<lesson id="Lesson 10-2" name="Relationships Within Ecosystems" page="324,325,326,327,328,329,330,331" pagerange="327-328" standardid="S8.A.1.1.3,S8.A.1.2.2,S8.A.1.3.2,S8.A.1.3.3,S8.A.2.1.1,S8.A.3.1.5,S8.A.3.2.3,S8.B.3.1.3,S8.B.3.2.1 ,S8.B.3.3.1,S8.D.1.2.2,S8.D.1.3.3" />
<lesson id="Lesson 10-3" name="Matter and Energy in Ecosystems" page="333,334,335,336,337,338,339" pagerange="333-336,338-339" standardid="S8.A.1.1.3,S8.A.1.1.4,S8.A.1.3.2,S8.A.1.3.3,S8.A.2.1.1,S8.A.2.1.2,S8.A.2.1.4,S8.A.2.1.5,S8.A.3.1.1,S8.A.3.1.3,S8.A.3.1.4,S8.A.3.1.5,S8.A.3.2.1,S8.A.3.2.3,S8.B.3.1.1,S8.B.3.1.2,S8.B.3.1.3" />
<lesson id="Lesson 11-1" name="Substances and Mixtures" page="354,355,356,357,358,359,360,361,362,363,364,365" pagerange="354-363" standardid="S8.A.1.1.4,S8.A.1.2.3,S8.A.3.3.2,S8.C.1.1.1,S8.C.1.1.2,S8.D.1.2.1" />
<lesson id="Lesson 11-2" name="The Structure of Atoms" page="367,370,371,374,375" pagerange="374-375" standardid="S8.A.1.1.3,S8.A.1.1.4,S8.A.2.1.2,S8.A.2.1.4,S8.A.2.1.5,S8.C.1.1.1" />
<lesson id="Lesson 12-1" name="Matter and Its Properties" page="385,388,389,390,392,394,395" pagerange="385-395" standardid="S8.A.1.1.4,S8.A.1.3.1,S8.A.2.1.1,S8.A.2.1.4,S8.A.2.2.2,S8.C.1.1.2" />
<lesson id="Lesson 12-2" name="Matter and Its Changes" page="403,405,406,407" pagerange="406-407" standardid="S8.A.1.1.3,S8.A.1.1.4,S8.A.2.1.1,S8.A.2.1.2,S8.A.2.1.4,S8.A.2.1.5,S8.A.2.2.2,S8.C.1.1.2,S8.C.1.1.3" />
<lesson id="Lesson 13-1" name="Forms of Energy" page="421,422,423,424,425,427" pagerange="422-424,423-424" standardid="S8.A.1.1.4,S8.A.1.3.2,S8.A.1.3.3,S8.A.2.1.1,S8.A.2.1.2,S8.A.2.1.4,S8.A.2.1.5,S8.A.2.2.2,S8.C.2.1.1,S8.C.2.2.1,S8.C.3.1.1,S8.C.3.1.2" />
<lesson id="Lesson 13-2" name="Energy Transformations" page="428,429,430,431,432,433,434,435,436,437" pagerange="436-437" standardid="S8.A.1.1.3,S8.A.1.1.4,S8.A.1.2.1,S8.A.1.3.1,S8.A.1.3.2,S8.A.1.3.3,S8.A.2.1.1,S8.A.2.1.2,S8.A.2.1.4,S8.A.2.1.5,S8.A.2.2.2,S8.A.3.1.1,S8.A.3.1.4,S8.A.3.2.2,S8.B.3.3.1,S8.B.3.3.2,S8.C.2.1.1,S8.C.2.1.3,S8.C.2.2.1,S8.C.2.2.3,S8.C.3.1.1,S8.C.3.1.2,S8.D.1.2.2" />
<lesson id="Lesson 14-1" name="Waves" page="449,450,456" pagerange="449-456" standardid="S8.A.1.1.4,S8.A.2.1.4,S8.A.2.1.5,S8.A.3.3.2" />
<lesson id="Lesson 14-2" name="Light" page="468" pagerange="468-469" standardid="S8.A.1.2.1,S8.A.1.2.2,S8.A.1.3.2,S8.A.1.3.3,S8.B.3.3.1" />
<lesson id="Lesson 14-3" name="Sound" page="473,475,476,477" pagerange="476-477" standardid="S8.A.1.1.4,S8.A.1.3.1,S8.A.2.1.5,S8.A.2.1.6" />
<lesson id="Lesson 15-1" name="Electric Charges and Electric Forces" page="487,491" pagerange="487-491" standardid="S8.A.1.1.3,S8.A.3.1.2,S8.C.3.1.1" />
<lesson id="Lesson 15-2" name="Electric Current and Electric Circuits" page="494,495,496,497,498,499,502,504" pagerange="497-499" standardid="S8.A.1.1.4,S8.A.1.2.1,S8.A.1.2.3,S8.A.1.3.1,S8.A.1.3.2,S8.A.1.3.3,S8.A.3.1.1,S8.A.3.1.2,S8.A.3.1.3,S8.A.3.1.4,S8.C.2.1.1,S8.C.2.1.3" />
<lesson id="Lesson 15-3" name="Magnetism" page="505,507,511,514,515" pagerange="507-508,511-512,514-515" standardid="S8.A.1.2.3,S8.A.2.1.1,S8.A.2.1.2,S8.A.2.1.4,S8.A.2.1.5,S8.A.2.1.6,S8.C.3.1.1" />
</lessons>
</standardtracker>