<?xml version="1.0" encoding="ISO-8859-1"?>
<XMLList>
<node id="Cover" title="Front Matter" type="Unit">
      <node title="Cover" id="Cover" type="Chapter"></node>
</node>
<node id="16" title="Chapters" type="Unit">
      <node title="The Bear Went Over the Mountain" id="16" type="Chapter"></node>
	  <node title="Bee, Bee, Bumblebee" id="17" type="Chapter"></node>
	  <node title="Best Friends" id="18" type="Chapter"></node>
	  <node title="Big and Small" id="20" type="Chapter"></node>
	  <node title="Bluebells" id="21" type="Chapter"></node>
</node>
</XMLList>